,title
0,Minecraft
1,Forest - Mantenha o foco
2,Plague Inc.
3,Facetune
4,As Semanas Magicas
5,TouchRetouch
6,Pou
7,Hitman Sniper
8,RFS - Real Flight Simulator
9,Bully Anniversary Edition
10,i Live - Gold Edition
11,Procreate Pocket
12,True Skate
13,CryptoTab Browser Pro
14,Stardew Valley
15,GTA Liberty City Stories
16,Pocket Build
17,TeamSpeak 3
18,Color Wheel - Basic Schemes
19,DSLR Camera
20,iVerify. - Secure your Phone!
21,VideoScribe Anywhere for iPhone
22,Farming Simulator 20
23,Plantão Fácil
24,FiLMiC Pro
25,BADLAND
26,THE KING OF FIGHTERS 97
27,Bloons TD 6
28,MudRunner Mobile
29,iLiturgia
30,Infinite Flight Simulator
31,Patrulha Canina Céu + Mar
32,Bike Race Jogo de Corrida
33,AnSo Anaesthesia Sonoanatomy
34,AnkiMobile Flashcards
35,Portabilidade
36,CamScanner +
37,AutoSleep. Monitore seu sono.
38,Five Nights at Freddys
39,Camera+
40,HappyMod - Game Tracker
41,The Dark Pursuer
42,Espião para WhatsApp - Oculte o visto por último e os tiques azuis
43,Threema. Messenger seguro
44,Coolors
45,Toca Kitchen 2
46,Story Saver ∞
47,Resumo LeiSecaRJ
48,Street Fighter IV CE
49,PMED-Preço Médico TUS CHPM AMB
50,Kingdom Rush Vengeance TD
51,Toca Life Hospital
52,INKHUNTER PRO Tattoos try on
53,Video & TV Cast Pro for Sony
54,ConstruCalc Pro
55,Papas Freezeria To Go!
56,GoodNotes 5
57,Taco App Tabela Nutricional
58,Bridge Constructor
59,Musical Chord
60,Northgard
61,THE KING OF FIGHTERS 98
62,Spectre Camera
63,LEDit
64,Driving Zone 2
65,Sólido! Líquido! Gás!
66,NeuralCam - Night Mode Camera
67,Earn to Die 2
68,Fer Fontoura
69,EpocCam Webcamera for Computer
70,Camera for OBS Studio
71,Audio to Text for WhatsApp
72,Video LUT
73,Need for Speed™ Most Wanted
74,Construction Simulator 3
75,AutoPad — Ambient Pad Loops
76,Rebel Inc.
77,Human Fall Flat
78,MEDcodigos TUSS SUS CID CBHPM
79,Tabela Taco
80,Rarevision VHS - Retro 80s Cam
81,Luxy PRO Selective Dating
82,Ultimate Custom Night
83,Clipomatic - Texto em vídeos
84,BADLAND 2
85,Plantão Escala - Agenda Fácil
86,Camera+ 2
87,HeartWatch Monitor Frequência
88,LEGO® Marvel Super Heroes
89,Sun Surveyor (Sol & Lua)
90,Alien10
91,Tabela IBGE de Alimentos
92,PATRULHA CANINA AVENTURA
93,60 Seconds! Atomic Adventure
94,Dont Starve Pocket Edition
95,ProMovie Recorder +
96,St. Josemaria
97,Holyrics
98,TV Mirror+ for Chromecast
99,AutoWake. Smart Sleep Alarm
100,Dora A Volta ao Mundo
101,Duet Game
102,Altos Odyssey
103,My Town  Daycare
104,Astro Gold
105,A Fábrica de Robôs por Tinybop
106,Brutal Street 2
107,Queridos Textos Premium
108,Video Master Pro
109,kirakira+
110,Foto Documentos
111,Construction Simulator 2014
112,Assassins Creed Identity
113,WorkOutDoors
114,WaterMinder
115,Os Jovens Titãs em Figuras
116,Dalgona
117,PAW Patrol - Rescue Run
118,QiDent
119,Journey
120,Toca Life Vacation
121,SpongeBob SquarePants
122,Camera Plus Pro
123,Prescrições Odontológicas
124,Castle of Illusion
125,Meu momento Pro
126,Bluetooth Finder
127,Real Steel
128,Street Kart Racing - Simulator
129,Five Nights at Freddys 3
130,HORA DE BRINCAR COM BLAZE AND THE MONSTER MACHINES
131,Rusty Lake Paradise
132,Screen Mirroring+ for Fire TV
133,Instant Webcam
134,AirMeasure - AR Tape & Ruler
135,Hinário Adventista do 7º Dia
136,AI Subtitle - Video subtitles
137,Hidden Folks
138,HealthFit
139,Pocket Rogues Ultimate
140,Truco Uy
141,Ricky Carmichaels Motocross Matchup Pro
142,FNaF 6 Pizzeria Simulator
143,Arcadia - Jogos Watch Arcade
144,Air Hockey
145,LumaFusion
146,Ped Calc
147,Iron Marines
148,Rush Rally 2
149,GRID™ Autosport
150,Take Off - The Flight Simulator
151,Watchy for Instagram
152,Lumos Sun and Moon Tracker
153,Beber Água PRO Lembrete avisos
154,iNude
155,Heads Up!
156,PICU Calculator
157,Oddmar
158,Despertador para Spotify
159,Vocabulary.com
160,Prudifier
161,O Corpo Humano por Tinybop
162,LumaFX
163,Reigns
164,SKRWT
165,Octodad Dadliest Catch
166,Intro Designer for iMovie
167,÷ Horário
168,topoArea
169,Toca Pet Doctor
170,Home Design 3D GOLD
171,Kiloblocks
172,Pergunte ao seu coração
173,Restaurador restaurar imagem
174,Simulados Motonauta e Arrais
175,Referências Obstétricas
176,Michaelis Escolar Francês
177,Countdown Star (Sem anúncios)
178,Verbos em Italiano (Mais)
179,"Noteshelf - Notes, Annotations"
180,Lifeline Whiteout
181,Musemage
182,Cachorrinho pré-escolar Sago Mini
183,Papel de parede ao vivo e tema
184,Tempo agora Temperatura Radar°
185,Tyrannosaurus Rex Simulator
186,ShoppingList
187,Widget Calendar
188,Doctor Justabout e o corpo humano
189,Map Pilot for DJI - Business
190,RoughAnimator - animation app
191,Choiceworks
192,Treinando o Escutar
193,"Relish - Record, Listen, Shine"
194,LearnFor Camtasia
195,Wild Hog Pro
196,CASE Animatronics
197,FIMO 1903
198,Battery Grapher
199,Brasil GPS Náutico Charts Pro
