title,appId,url,icon,developer,developerId,priceText,currency,price,free,summary,scoreText,score
Kwai - Assistir v√≠deos legais e divertidos,com.kwai.video,https://play.google.com/store/apps/details?id=com.kwai.video,https://play-lh.googleusercontent.com/bZVmsjxkjwD9rAw8rISIw2mdlRT4ZoREcI9sAloVX8NoTXtAKEQrxUjzdJvPkfpuAcs,KWAI,KWAI,FREE,undefined,0,true,Venha e encontre mais v√≠deos incr√≠veis,4.4,4.4390693
Shopee: Compre e Venda Online,com.shopee.br,https://play.google.com/store/apps/details?id=com.shopee.br,https://play-lh.googleusercontent.com/r6Zbxbw1BO82gM2yYKQNxi_PQeARwhq9jyHGmRiqBwktY_m-C9l4_13gp0umoZ2qz-Y,Shopee,Shopee,FREE,undefined,0,true,Online shopping | Free Shipping Coupon | Shopee Warranty,4.8,4.810004
Google Meet - Secure Video Meetings,com.google.android.apps.meetings,https://play.google.com/store/apps/details?id=com.google.android.apps.meetings,https://play-lh.googleusercontent.com/GBYSf20osBl2CRHbjGOyaOG5kQ3G4xbRau-dzScU9ozuXQJtnUZPkR3IqEDOo5OiVgU,Google LLC,5700313618786177705,FREE,undefined,0,true,Connect and collaborate easily with Google Meet,3.9,3.9262707
Resso,com.moonvideo.android.resso,https://play.google.com/store/apps/details?id=com.moonvideo.android.resso,https://play-lh.googleusercontent.com/hPqZwC2sruRLzsJpGo-65syUWhW-2V3-JdCPRxfB3LIHY32bgy9CmI-z-jOiz3iP6Q,Moon Video Inc.,Moon+Video+Inc.,FREE,undefined,0,true,"Listen to millions of music- English, Hindi, Tamil, Telugu, Punjabi &amp; more",4.2,4.1732593
TikTok,com.zhiliaoapp.musically,https://play.google.com/store/apps/details?id=com.zhiliaoapp.musically,https://play-lh.googleusercontent.com/iBYjvYuNq8BB7EEEHktPG1fpX9NiY7Jcyg1iRtQxO442r9CZ8H-X9cLkTjpbORwWDG9d,TikTok Pte. Ltd.,TikTok+Pte.+Ltd.,FREE,undefined,0,true,"Videos, Music &amp; Live Streams",4.5,4.5325327
"PicPay: Pagamentos, Transfer√™ncias, Pix e Cashback",com.picpay,https://play.google.com/store/apps/details?id=com.picpay,https://play-lh.googleusercontent.com/0HA823BrjSmHr-I5iWSuw6GRzDY5ZpmpmAmz_cZo3X8yTREqEI0J0apsMe3QlxFfP42Z,PicPay,PicPay,FREE,undefined,0,true,"PicPay: Make and Receive Online Payments, Transfers, Pix and Earn Cashback.",4.3,4.340753
Nubank,com.nu.production,https://play.google.com/store/apps/details?id=com.nu.production,https://play-lh.googleusercontent.com/Unhb39WhfaV72U7YnpAJhqNMXUO1RdP-uq780IyGI6bTo76GlXB3zVOAiV_p3yOElMA,Nubank,Nubank,FREE,undefined,0,true,Nubank - Tired of queues and bureaucracy? US too! Ask for your card.,4.4,4.4337134
WhatsApp Messenger,com.whatsapp,https://play.google.com/store/apps/details?id=com.whatsapp,https://play-lh.googleusercontent.com/bYtqbOcTYOlgc6gqZ2rwb8lptHuwlNE75zYJu6Bn076-hTmvd96HH-6v7S0YUAAJXoJN,WhatsApp LLC,WhatsApp+LLC,FREE,undefined,0,true,Simple. Personal. Secure.,4.3,4.2575426
Magazine Luiza: Compras Online com Entrega R√°pida,com.luizalabs.mlapp,https://play.google.com/store/apps/details?id=com.luizalabs.mlapp,https://play-lh.googleusercontent.com/136O6ze3P-WweHHPguhK2WWZMnnYuQx-8Cq8USL_ZNkGQ7wGlHEVL-7Xylz2k1Y_dw,Magazine Luiza,5441107124606544137,FREE,undefined,0,true,Offers up to 70% OFF on online purchases and free shipping * from R $ 99. üòç,4.6,4.5767593
CAIXA Tem,br.gov.caixa.tem,https://play.google.com/store/apps/details?id=br.gov.caixa.tem,https://play-lh.googleusercontent.com/laeKBCF2fUwtRr-6YSvnzWxKVpHek9-tNg5hQ4wUVaUEKc9I7sTH2Ekco80_J1UUsQ,Caixa Econ√¥mica Federal,Caixa+Econ%C3%B4mica+Federal,FREE,undefined,0,true,Chat with BOX on your mobile with this lightweight and very easy to use app;),4.0,4.0126934
Carteira Digital de Tr√¢nsito,br.gov.serpro.cnhe,https://play.google.com/store/apps/details?id=br.gov.serpro.cnhe,https://play-lh.googleusercontent.com/YCcJqhni2YNUA6PlrPijw2CHxaEFGRN4nwooOTdHtN8jr3SzDos6Bb_xzYu07xOvBKhL,Governo do Brasil,5829287075355252046,FREE,undefined,0,true,CNH and CRLV Digital Versions,4.7,4.7450542
TikTok Lite,com.zhiliaoapp.musically.go,https://play.google.com/store/apps/details?id=com.zhiliaoapp.musically.go,https://play-lh.googleusercontent.com/LLUZLIcA7MbM5yLwAA-oTAt3q5kdDjIIfrEqR2mGLAxvVJcwruxJYQChwPDahLvSjFc,TikTok PTE.ltd.,5299725221209516149,FREE,undefined,0,true,TikTok Lite now comes with better network connection and minimal device storage.,4.4,4.401034
Carteira de Trabalho Digital,br.gov.dataprev.carteiradigital,https://play.google.com/store/apps/details?id=br.gov.dataprev.carteiradigital,https://play-lh.googleusercontent.com/1ybecDEb4nQ6PyySuoegZoKMUgusaNFrPVu2kIwLMDAavcdeYEVR779wArvhPvSdc4c,Governo do Brasil,5829287075355252046,FREE,undefined,0,true,Official application of the Digital Work Card of the Ministry of Economy.,3.8,3.815303
SHEIN-Fashion Shopping Online,com.zzkko,https://play.google.com/store/apps/details?id=com.zzkko,https://play-lh.googleusercontent.com/99kIOo2NkDRAwBGQRfcq8-RP9x4PRKSxXlhiK519nxKF5ikbKhXdtgUrRI3UaSPTSwo,"ZOETOP BUSINESS CO., LIMITED","ZOETOP+BUSINESS+CO.,+LIMITED",FREE,undefined,0,true,Meet the SHEIN app - Your Fashion Destination and at Prices you'll Love!,4.8,4.8152795
Mercado Livre: compre com facilidade e rapidez,com.mercadolibre,https://play.google.com/store/apps/details?id=com.mercadolibre,https://play-lh.googleusercontent.com/LGktyrwsDKC36bgs0HDYVm272BGHLYZonnclrf56x95B5NlUcbKJKslJ6zYIfQR1WA,Mercado Libre,Mercado+Libre,FREE,undefined,0,true,"Compre e venda produtos: roupas, acess√≥rios, tecnologia, decora√ß√£o e muito mais!",4.8,4.784036
Google Classroom,com.google.android.apps.classroom,https://play.google.com/store/apps/details?id=com.google.android.apps.classroom,https://play-lh.googleusercontent.com/w0s3au7cWptVf648ChCUP7sW6uzdwGFTSTenE178Tz87K_w1P1sFwI6h1CLZUlC2Ug,Google LLC,5700313618786177705,FREE,undefined,0,true,Connect with your classes and do assignments on the go.,3.3,3.342046
"Helo - Funny Video, WA Status",world.social.group.video.share,https://play.google.com/store/apps/details?id=world.social.group.video.share,https://play-lh.googleusercontent.com/b6WOaKcMzp3WNgsPtxLhTOPV4ZEE6tJNqgwqdTBI4iPInWV3hIciiKazMkJXRxolDgT3,POLIGON PTE. LTD,POLIGON+PTE.+LTD,FREE,undefined,0,true,"Download and get Funny Video, WA Status",4.8,4.78744
Instagram,com.instagram.android,https://play.google.com/store/apps/details?id=com.instagram.android,https://play-lh.googleusercontent.com/2sREY-8UpjmaLDCTztldQf6u2RGUtuyf6VT5iyX3z53JS4TdvfQlX-rNChXKgpBYMw,Instagram,Instagram,FREE,undefined,0,true,Bringing you closer to the people and things you love.,4.4,4.389933
Reface: Face swap videos and memes with your photo,video.reface.app,https://play.google.com/store/apps/details?id=video.reface.app,https://play-lh.googleusercontent.com/C75pm0OwfckbJAueHn2psJXr43vF9CypVOHydVgRHA8JHXEFJbO479DIBpfUo1mc2Q,"NEOCORTEXT, INC.","NEOCORTEXT,+INC.",FREE,undefined,0,true,"Swap your face with celebrities, make funny memes and gifs with the Reface app!",4.8,4.7924223
CapCut,com.lemon.lvoverseas,https://play.google.com/store/apps/details?id=com.lemon.lvoverseas,https://play-lh.googleusercontent.com/GCeBKSeyXZaICkBU6xXmK9qnlVPCcXfaF_OsWEx6zUYtwvI1Sb0CPtp2fsqmcImw9BQ,Bytedance Pte. Ltd.,Bytedance+Pte.+Ltd.,FREE,undefined,0,true,Capture the moment and Cut,4.5,4.482847
Banco PAN - conta corrente com cart√£o de cr√©dito,br.com.bancopan.cartoes,https://play.google.com/store/apps/details?id=br.com.bancopan.cartoes,https://play-lh.googleusercontent.com/78Ugub03DGtYp2pkShcDzS82gpRalC1Q3AprsAzGE21TLIwK8XErAyVRFpyuVKT-IgQ,Banco PAN,Banco+PAN,FREE,undefined,0,true,"Digital account, credit card with no annual fee and pre-approved credit on the spot *!",4.0,3.9924674
iti Ita√∫: banco digital com cart√£o de cr√©dito,com.itau.iti,https://play.google.com/store/apps/details?id=com.itau.iti,https://play-lh.googleusercontent.com/XyunRBnyMBHvzDN4cBf4b_3AqgCixSONe_N74h8EY0rTG9R90iokRBfElJBr9NLxES7O,Ita√∫ Unibanco S. A.,6670232843082341199,FREE,undefined,0,true,your digital bank that gives confidence and access for those who want to go further,3.9,3.8514638
Americanas: as melhores compras com descontos,com.b2w.americanas,https://play.google.com/store/apps/details?id=com.b2w.americanas,https://play-lh.googleusercontent.com/EuZ-QXoSEKk1OZgYFQe0TeXpY01eIFnD0dpCR66CjZHir8mLHbeujwQbGvacoi4-ezeN,B2W Digital,B2W+Digital,FREE,undefined,0,true,Online shopping with the best cashback and fast delivery,4.3,4.2875667
Mercado Pago,com.mercadopago.wallet,https://play.google.com/store/apps/details?id=com.mercadopago.wallet,https://play-lh.googleusercontent.com/ECtkV3rjaL6A9u_IdCuBzlC4WCUhs-GnGm1DHLb_nYF2OzE4waFIPQOa155LF3KIUSE,Mercado Libre,Mercado+Libre,FREE,undefined,0,true,Administre seu dinheiro,4.5,4.4950056
Banco PagBank PagSeguro com Conta Digital Gr√°tis,br.com.uol.ps.myaccount,https://play.google.com/store/apps/details?id=br.com.uol.ps.myaccount,https://play-lh.googleusercontent.com/Gu_HMGQWnKMkAsdnOj5BovNQVZ4um80oGHD4PZPXpwYFKFbb3-t76-15uBdOrQrmbA,PagSeguro Internet,5543484987427298493,FREE,undefined,0,true,Make your balance pay off more and pay or receive via QR Code or NFC approach!,4.5,4.4780126
ZOOM Cloud Meetings,us.zoom.videomeetings,https://play.google.com/store/apps/details?id=us.zoom.videomeetings,https://play-lh.googleusercontent.com/JgU6AIREDMsGLmrFSJ8OwLb-JJVw_jwqdwEZWUHemAj0V5Dl7i7GOpmranv2GsCKobM,zoom.us,zoom.us,FREE,undefined,0,true,Zoom is a free HD meeting app with video and screen sharing for up to 100 people,4.3,4.26112
"Canva: Graphic Design, Video Collage, Logo Maker",com.canva.editor,https://play.google.com/store/apps/details?id=com.canva.editor,https://play-lh.googleusercontent.com/hOfCQsCh_N7JtB2TcHyOotPBC_zLYbq3u6-czI55_nslZGj26eN9u_wVXqPPTAL2fxy0,Canva,Canva,FREE,undefined,0,true,"100 million+ installs üî• Create stunning Insta stories, videos, logos &amp; more!",4.7,4.73927
enjoei - comprar e vender roupa online,br.com.enjoei.app,https://play.google.com/store/apps/details?id=br.com.enjoei.app,https://play-lh.googleusercontent.com/1E6G72UCL4jfKOaEEouf8Hu3TY1iAWq7duNUBroZIeHtv_NWT9JiTv9EL82OcIP1Eg,Enjoei :P,Enjoei+:P,FREE,undefined,0,true,"summer promotions on clothing, shoes and accessories. shop without leaving your home!",4.0,3.9885445
Pluto TV - Free Live TV and Movies,tv.pluto.android,https://play.google.com/store/apps/details?id=tv.pluto.android,https://play-lh.googleusercontent.com/gIiZK9ZUU7tt8N08ozfe8OPBnW-KPREAHdbN1WDvqqSscVdAQuuP2_i2c1Gm2zHJ_S9x,"Pluto, Inc.","Pluto,+Inc.",FREE,undefined,0,true,Watch Free TV! 100+ channels and 1000‚Äôs of Movies and TV Shows Free!,4.3,4.2839413
WhatsApp Business,com.whatsapp.w4b,https://play.google.com/store/apps/details?id=com.whatsapp.w4b,https://play-lh.googleusercontent.com/ebs6ftYUkOKlDY0M174OpvargwbDyHUVAnO_G5aE0dL5GBQKCtfh3adN5H3ZMThXogDi,WhatsApp LLC,WhatsApp+LLC,FREE,undefined,0,true,Simple tool for businesses to talk to their customers.,4.3,4.2959914
Pinterest,com.pinterest,https://play.google.com/store/apps/details?id=com.pinterest,https://play-lh.googleusercontent.com/dVsv8Hc4TOUeLFAahxR8KANg22W9dj2jBsTW1VHv3CV-5NCZjP9D9i2j5IpfVx2NTB8,Pinterest,Pinterest,FREE,undefined,0,true,"Explore lifestyle inspiration: new recipes, creative wedding tips &amp; design ideas",4.6,4.644391
Casas Bahia: Ofertas Exclusivas em Compras Online,com.novapontocom.casasbahia,https://play.google.com/store/apps/details?id=com.novapontocom.casasbahia,https://play-lh.googleusercontent.com/_2GhxBaf7ryr7DLPv5iEithn4op63D9FYAsg_XGqbeJyDRYP1QgE01BlNgssmAX2zg,Via Varejo S.A.,Via+Varejo+S.A.,FREE,undefined,0,true,Casas Bahia Play: Buy on the APP and get at least 3 months of access to Paramount +,4.7,4.7221484
C6 Bank: Cart√£o de Cr√©dito & Conta PF e PJ gr√°tis,com.c6bank.app,https://play.google.com/store/apps/details?id=com.c6bank.app,https://play-lh.googleusercontent.com/i_epoR6Qn_crHOhtrp-6v3yYfEASKFbHV-YJ4W6RrxPr-ZEFjzoJAd-lUAGwt1a_0w,C6 Bank,C6+Bank,FREE,undefined,0,true,"Full digital bank with free credit card, digital account and more.",4.0,4.0402937
CAIXA,br.com.gabba.Caixa,https://play.google.com/store/apps/details?id=br.com.gabba.Caixa,https://play-lh.googleusercontent.com/v5q5D5d9r_YPUhteGLm0eHP_MgKgUVwdqKzeDcorPns3lJ75xFgnprzQzaeJPHY5Eg,Caixa Econ√¥mica Federal,Caixa+Econ%C3%B4mica+Federal,FREE,undefined,0,true,Want more than a hundred possibilities in a single application? 're On hand.,3.8,3.783497
Riachuelo ‚Äì Compre pelo app,br.com.riachuelo.app,https://play.google.com/store/apps/details?id=br.com.riachuelo.app,https://play-lh.googleusercontent.com/9IQQsCtM4Sv6ZKH9JS_uCTa410MId20ynrvbV4nSFmLvwcuMCdjlOy4E0_B3lPujplA,Lojas Riachuelo,Lojas+Riachuelo,FREE,undefined,0,true,"Fashion, beauty, decor, geek and more",4.3,4.348317
"One Booster - Antivirus, Booster, Phone Cleaner",com.cleanteam.oneboost,https://play.google.com/store/apps/details?id=com.cleanteam.oneboost,https://play-lh.googleusercontent.com/6XxPCSqbi1xPmmLFXOKQq67_W9JoEwLhLEh8SoyyolgdUTq6qKTH0aTjiqfw0novAb52,One Dot Moblie Limited,8817236383700323055,FREE,undefined,0,true,"Keep the phone safe from virus, free up space and RAM to improve its performance",4.7,4.7141924
Sticker.ly - Sticker Maker & WhatsApp Status Video,com.snowcorp.stickerly.android,https://play.google.com/store/apps/details?id=com.snowcorp.stickerly.android,https://play-lh.googleusercontent.com/5Dk7kfe5XiEK_c3UWZ-Yhai2kXXFtcSJVO-EBs0ceMqfcDm8cezgy93wINxcpYjmfMbr,"SNOW, Inc.","SNOW,+Inc.",FREE,undefined,0,true,Sticker Maker &amp; Video Status for WhatsApp - WAStickerApps,4.6,4.569359
iFood Delivery de Comida e Mercado,br.com.brainweb.ifood,https://play.google.com/store/apps/details?id=br.com.brainweb.ifood,https://play-lh.googleusercontent.com/1Y_VGOwYBFGY30KWxT4EpFkxkhr4VXAnMdPtbF56yUVpPkbSVV5mGdCvw1RI7aNX8Q,iFood Delivery de Comida e Mercado,iFood+Delivery+de+Comida+e+Mercado,FREE,undefined,0,true,Order food or market items for delivery with exclusive promotions in the app!,4.8,4.752835
"KeepClean - Booster, Antivirus, Battery Saver",com.appsinnova.android.keepclean,https://play.google.com/store/apps/details?id=com.appsinnova.android.keepclean,https://play-lh.googleusercontent.com/wMc4pwFvSfV3rI6rZpXO1sLyeAu7u26cGQqxCK4QmWVJqAKzeDNn2fZaP68R9nwxE7o,APPS INNOVA,APPS+INNOVA,FREE,undefined,0,true,"Phone CleanerÔºåAntivirus,Fast Charging, Free up RAM, Junk and Virus Cleaner",4.8,4.787657
B√≠blia Sagrada - Vers√≠culos b√≠blicos e √°udio,kjv.bible.kingjamesbible,https://play.google.com/store/apps/details?id=kjv.bible.kingjamesbible,https://play-lh.googleusercontent.com/MHS5XQp303Xu5DMl7qezsZq5qQ0x23C1klJgaEFEnDYIR1elIqqM2fLFa4C5nouZAYU,iDailybread.org,iDailybread.org,FREE,undefined,0,true,"B√≠blia King James gr√°tis, b√≠blia √°udio, vers√≠culos di√°rios, app gr√°tis b√≠blia",4.9,4.917336
Netflix,com.netflix.mediaclient,https://play.google.com/store/apps/details?id=com.netflix.mediaclient,https://play-lh.googleusercontent.com/TBRwjS_qfJCSj1m7zZB93FnpJM5fSpMA_wUlFDLxWAb45T9RmwBvQd5cWR5viJJOhkI,"Netflix, Inc.","Netflix,+Inc.",FREE,undefined,0,true,Netflix is the leading subscription service for watching TV episodes and movies.,4.4,4.4491816
AliExpress,com.alibaba.aliexpresshd,https://play.google.com/store/apps/details?id=com.alibaba.aliexpresshd,https://play-lh.googleusercontent.com/8XePOjdAbTm12TJ4Cu3-DnQxT7kG-ptsu6yqXMusO5nbCs1s9GeVPwDMqMAMi4rxTYSV,Alibaba Mobile,Alibaba+Mobile,FREE,undefined,0,true,"Smarter Shopping, Better Living",4.6,4.597097
Brainly ‚Äì The Homework App,co.brainly,https://play.google.com/store/apps/details?id=co.brainly,https://play-lh.googleusercontent.com/ZX-LIMGoP14MnT3cfLYL2BRh9FvojYipkkUgV1_t6qbGDecf0JH3dW_Ah4Trutc2KA,"Brainly, Inc",8838836793258515669,FREE,undefined,0,true,Homework App &amp; Homework Answers,4.7,4.711253
"StarMaker: Sing free Karaoke, Record music videos",com.starmakerinteractive.starmaker,https://play.google.com/store/apps/details?id=com.starmakerinteractive.starmaker,https://play-lh.googleusercontent.com/93H1tf40Tq_4rn9waqWa6Wm2wx_YBMfPuOsxbzovvrahm3ndyk6hdUzBzetmWTulsw7e,StarMaker Interactive,8580624130716533255,FREE,undefined,0,true,Sing karaoke &amp; Record Music videos &amp; Sing to be a Supernova,4.7,4.704143
Microsoft Teams,com.microsoft.teams,https://play.google.com/store/apps/details?id=com.microsoft.teams,https://play-lh.googleusercontent.com/jKU64njy8urP89V1O63eJxMtvWjDGETPlHVIhDv9WZAYzsSxRWyWZkUlBJZj_HbkHA,Microsoft Corporation,6720847872553662727,FREE,undefined,0,true,Microsoft Teams is your hub for teamwork in Office 365.,4.3,4.3345866
Google Play Games,com.google.android.play.games,https://play.google.com/store/apps/details?id=com.google.android.play.games,https://play-lh.googleusercontent.com/szHQCpMAb0MikYIhvNG1MlruXFUggd6DJHXkMPG1H4lJPB7Lee_BkODfwxpQazxfO9mA,Google LLC,5700313618786177705,FREE,undefined,0,true,"Play games instantly, save progress, and earn achievements.",4.3,4.2757835
QR & Barcode Reader,com.teacapps.barcodescanner,https://play.google.com/store/apps/details?id=com.teacapps.barcodescanner,https://play-lh.googleusercontent.com/-CvY0c-MmYQf2xaJQ6TVj_PZO4lpKG3T-i78UOolkpMxwlUen3KsakPA7I8OOwjOx_Q,TeaCapps,TeaCapps,FREE,undefined,0,true,Functional QR scanner and barcode reader that requires little storage space.,4.7,4.6536727
CAIXA | Aux√≠lio Emergencial 2021,br.gov.caixa.auxilio,https://play.google.com/store/apps/details?id=br.gov.caixa.auxilio,https://play-lh.googleusercontent.com/6CdznmuSC32CCfvL_KVkJ-klOiLJUH7A9glD0M6_sLv6ShesJLaOIO6exPoKzs5sxA,Caixa Econ√¥mica Federal,Caixa+Econ%C3%B4mica+Federal,FREE,undefined,0,true,Emergency Aid Application 2021,3.5,3.5271988
Video Editor & Video Maker - InShot,com.camerasideas.instashot,https://play.google.com/store/apps/details?id=com.camerasideas.instashot,https://play-lh.googleusercontent.com/mjmbWruxfo8oYHsBNI7b76KLj1AEJQo7hXwlmi05EvfFwubOjo8nQJrVEHRe4Vbgpo8,InShot Video Editor,InShot+Video+Editor,FREE,undefined,0,true,"Pro Video Editorüé• with Musicüé∂, Transitions, Slideshow, EmojiüòÜ, Meme...",4.9,4.873086
Banco Bradesco,com.bradesco,https://play.google.com/store/apps/details?id=com.bradesco,https://play-lh.googleusercontent.com/ReQEaxm44OuduIlJEVO_-xs9iZXSyRNdzGKrONYoLSgAdOzyhPKTb1xuuoPXK6tABm0,Banco Bradesco SA,Banco+Bradesco+SA,FREE,undefined,0,true,"Did you know that with App Bradesco, you can open your account without going to the branch?",4.1,4.1400228
"Music Player - MP3 Player, Audio Player",musicplayer.musicapps.music.mp3player,https://play.google.com/store/apps/details?id=musicplayer.musicapps.music.mp3player,https://play-lh.googleusercontent.com/w7QUzVfRG79q_hmp7sFvT5rZ2yam_CPr-eMer6SQh54QqBQ_Or8OnwAyYJ89dpjx0AM,InShot Inc.,InShot+Inc.,FREE,undefined,0,true,"Best Free Music Player &amp; MP3 Player.
Powerful Equalizer, 20 Themes, Tag Editor.",4.8,4.8483305
Amazon Prime Video,com.amazon.avod.thirdpartyclient,https://play.google.com/store/apps/details?id=com.amazon.avod.thirdpartyclient,https://play-lh.googleusercontent.com/O2FfBTgdkim23RfZE98VQByYNbBrqY8bs2VWhy_Gu7KE9DvzvSyoWbfcgYZ-WuLHN3Y,Amazon Mobile LLC,Amazon+Mobile+LLC,FREE,undefined,0,true,Watch TV shows and movies including award-winning Amazon exclusives.,4.3,4.347379
Facebook,com.facebook.katana,https://play.google.com/store/apps/details?id=com.facebook.katana,https://play-lh.googleusercontent.com/ccWDU4A7fX1R24v-vvT480ySh26AYp97g1VrIB_FIdjRcuQB2JP2WdY7h_wVVAeSpg,Facebook,Facebook,FREE,undefined,0,true,"Find friends, watch live videos, play games &amp; save photos in your social network",4.1,4.112091
Sticker.ly - Sticker Maker & WhatsApp Status Video,com.snowcorp.stickerly.android,https://play.google.com/store/apps/details?id=com.snowcorp.stickerly.android,https://play-lh.googleusercontent.com/5Dk7kfe5XiEK_c3UWZ-Yhai2kXXFtcSJVO-EBs0ceMqfcDm8cezgy93wINxcpYjmfMbr,"SNOW, Inc.","SNOW,+Inc.",FREE,undefined,0,true,Sticker Maker &amp; Video Status for WhatsApp - WAStickerApps,4.6,4.569356
Facebook Lite,com.facebook.lite,https://play.google.com/store/apps/details?id=com.facebook.lite,https://play-lh.googleusercontent.com/tjUtqpz5-svv0bZRsC8PlAMQ7EeLY1aSwp27hLRFWWW8aVbpRsi2tmQIpZpuzn_UFtM,Facebook,Facebook,FREE,undefined,0,true,This version of Facebook uses less data and works in all network conditions.,4.0,4.018497
Disney+,com.disney.disneyplus,https://play.google.com/store/apps/details?id=com.disney.disneyplus,https://play-lh.googleusercontent.com/xoGGYH2LgLibLDBoxMg-ZE16b-RNfITw_OgXBWRAPin2FZY4FGB9QKBYApR-0rSCkQ,Disney,Disney,FREE,undefined,0,true,"The best of Disney, Pixar, Marvel, Star Wars, and National Geographic",4.6,4.5618386
Bolsa Fam√≠lia CAIXA,br.gov.caixa.bolsafamilia,https://play.google.com/store/apps/details?id=br.gov.caixa.bolsafamilia,https://play-lh.googleusercontent.com/00oXHsNXhOZjH1GBkTuonNXoVrYbQT7hWZmMNxyjsxrvceFlsui2WAlUzt0MQlHFBiQ,Caixa Econ√¥mica Federal,Caixa+Econ%C3%B4mica+Federal,FREE,undefined,0,true,You may see the payment dates and see the released portions of its benefits,3.5,3.5043461
Spotify: Listen to podcasts & find music you love,com.spotify.music,https://play.google.com/store/apps/details?id=com.spotify.music,https://play-lh.googleusercontent.com/UrY7BAZ-XfXGpfkeWg0zCCeo-7ras4DCoRalC_WXXWTK9q5b0Iw7B0YQMsVxZaNB7DM,Spotify Ltd.,Spotify+Ltd.,FREE,undefined,0,true,"Discover new music &amp; play your favorite songs, albums, artists &amp; podcasts",4.5,4.5083833
Meu INSS ‚Äì Central de Servi√ßos,br.gov.dataprev.meuinss,https://play.google.com/store/apps/details?id=br.gov.dataprev.meuinss,https://play-lh.googleusercontent.com/N1XAx_twCQwIOaZm0K6x--pb6QP4596wvjT77Bi4DC0ZAMzU1LWbI1pui8bTtkOg3FFZ,Governo do Brasil,5829287075355252046,FREE,undefined,0,true,"Consultations, statements, schedules and services: Contact between INSS and citizens",3.4,3.3833153
Serasa,br.com.serasaexperian.consumidor,https://play.google.com/store/apps/details?id=br.com.serasaexperian.consumidor,https://play-lh.googleusercontent.com/DOzUNCCAqXQy6Q5JepLCvP3chDZ7r96PmMHZHNbSODNB7zPOAaotG6m-7Qu4znDA4w,Serasa Experian,Serasa+Experian,FREE,undefined,0,true,"See your score, check your CPF and clear your name",4.5,4.5413294
F Da Hora 3.3,f.da.hora33,https://play.google.com/store/apps/details?id=f.da.hora33,https://play-lh.googleusercontent.com/T5b390OCh1V3ciFr5wxSyJ6dktcfW5yV1d3Fv8wUQI8BYD6BLWQSJm1KMPmXbcbKOfk,futs,futs,FREE,undefined,0,true,All about football,4.4,4.3944955
Lucky Money - Feel Great & Make it Rain,scratch.lucky.money.free.real.big.win,https://play.google.com/store/apps/details?id=scratch.lucky.money.free.real.big.win,https://play-lh.googleusercontent.com/OYYR4gWPbGBTm7xqv-Kju98607VccwqsDU4G7LFtL8LkiT8pmOf2dKxSYsvuChciO_0,Shape Keeper Ltd,Shape+Keeper+Ltd,FREE,undefined,0,true,Lucky Money √© um jogo de lotarias 100% gr√°tis.,4.4,4.4302216
VIX - CINE. TV. GRATIS.,com.batanga.vix,https://play.google.com/store/apps/details?id=com.batanga.vix,https://play-lh.googleusercontent.com/He8ZQigZpYOaryluHtaHySZ0nCW4U1FFtCQTciaTDjc5amvzRGVuOnnMDU8Ru3R6cg,VIX Inc.,5455341227926102985,FREE,undefined,0,true,"Watch thousands of Spanish-language movies, novelas and TV series for free.",4.4,4.3718295
"PicsArt Photo Editor: Pic, Video & Collage Maker",com.picsart.studio,https://play.google.com/store/apps/details?id=com.picsart.studio,https://play-lh.googleusercontent.com/OK01ikjh9kliyhrxUrx6sfA3MlasdE1uV65BrdfsoSEFs0HwPuWd479qoOh-36n3tw,PicsArt,5408830062919995155,FREE,undefined,0,true,Remix free-to-edit pictures &amp; stickers into awesome collages and memes,4.1,4.1027856
"MegaHDFilmes - S√©ries , Filmes e Animes",me.filmeshd.mega,https://play.google.com/store/apps/details?id=me.filmeshd.mega,https://play-lh.googleusercontent.com/3MhBlfozQoTgOnY2B7YC9lGL6_Cbu_JG8RiH7taOQ2mFEpZ5DlbNga4_gxMf9nY6jZU,Bit Entertainment M+,Bit+Entertainment+M%2B,FREE,undefined,0,true,The Biggest Streaming Platform in Brazil is back!,4.5,4.543644
OLX - Comprar e vender online com seguran√ßa,com.schibsted.bomnegocio.androidApp,https://play.google.com/store/apps/details?id=com.schibsted.bomnegocio.androidApp,https://play-lh.googleusercontent.com/TZXCio4AHMIqPAMRJQLa2Vr_4uby-AC5_uADkf9pE0oFvhQiby8LJ3sazpquWfHJCLs,OLX Brasil,OLX+Brasil,FREE,undefined,0,true,"Detach with OLX! Download, create free ads and sell products without bureaucracy.",4.3,4.3211446
Submarino: Ofertas Exclusivas na Loja Online,com.b2w.submarino,https://play.google.com/store/apps/details?id=com.b2w.submarino,https://play-lh.googleusercontent.com/ETDYIYkH2eyICU6wzsdc6X2uNqGr62N-8Y4UwFQUQqeNLugDLhYxgYdbfK_yi-my1Q,B2W Digital,B2W+Digital,FREE,undefined,0,true,"The ideal shopping APP for those looking for promotions, discounts and cashback. Check out!",4.3,4.2901406
Twitter,com.twitter.android,https://play.google.com/store/apps/details?id=com.twitter.android,https://play-lh.googleusercontent.com/wIf3HtczQDjHzHuu7vezhqNs0zXAG85F7VmP7nhsTxO3OHegrVXlqIh_DWBYi86FTIGk,"Twitter, Inc.","Twitter,+Inc.",FREE,undefined,0,true,"Breaking news, entertainment, sports, politics and everything in-between!",4.4,4.35923
99 - Private Driver and Taxi,com.taxis99,https://play.google.com/store/apps/details?id=com.taxis99,https://play-lh.googleusercontent.com/kZ9pwXneW4EAWtGNMsCL6bWQe5m7RDEYbGd8inBQgpuA-EkBl9nqapdcIq3eqPGBp-w,99 Tecnologia LTDA,99+Tecnologia+LTDA,FREE,undefined,0,true,The most complete transportation solution in Brazil.,4.1,4.0943985
Story Saver for Instagram Video Downloader Instore,instagram.photo.video.downloader.repost.insta,https://play.google.com/store/apps/details?id=instagram.photo.video.downloader.repost.insta,https://play-lh.googleusercontent.com/Y_v2DoS1m3Nrx8kQlcwHicIipYP5vtmAYtTmO3DIFULp8Vh_mDfaF9WLZwSkysoyITEH,Appyhigh Technology,8696216234951434473,FREE,undefined,0,true,"InStore - Story Saver, Captions, Hashtags for Instagram IG. All Story Downloader",4.3,4.342995
Video Editor & Video Maker - InShot,com.camerasideas.instashot,https://play.google.com/store/apps/details?id=com.camerasideas.instashot,https://play-lh.googleusercontent.com/mjmbWruxfo8oYHsBNI7b76KLj1AEJQo7hXwlmi05EvfFwubOjo8nQJrVEHRe4Vbgpo8,InShot Video Editor,InShot+Video+Editor,FREE,undefined,0,true,"Pro Video Editorüé• with Musicüé∂, Transitions, Slideshow, EmojiüòÜ, Meme...",4.9,4.873086
Santander Brasil,com.santander.app,https://play.google.com/store/apps/details?id=com.santander.app,https://play-lh.googleusercontent.com/g_QDzrOlw8Belx8qb47fUu0MPL6AVFzDdbOz_NJZYQDNLveHYxwiUoe09Wvkxf-_548q,Banco Santander (Brasil) S.A.,Banco+Santander+(Brasil)+S.A.,FREE,undefined,0,true,Welcome to the new Santander app!,4.6,4.647402
"FileMaster: File Manage, File Transfer Power Clean",com.root.clean.boost.explorer.filemanager,https://play.google.com/store/apps/details?id=com.root.clean.boost.explorer.filemanager,https://play-lh.googleusercontent.com/58sr3IvX1wiE8ei_BICqPgywKgZ5DPpmRL_2YuZINnFlz_9D2os9PmueeZPPtZno0zk,SmartVisionMobi,5801333510719199969,FREE,undefined,0,true,Junk files and cache cleaner app with functional file explorer¬†and manager.,4.7,4.6885796
gov.br,br.gov.meugovbr,https://play.google.com/store/apps/details?id=br.gov.meugovbr,https://play-lh.googleusercontent.com/4cbDP5Gz7ROw81DSWBQPpg2-BDf-nzutMeFFYcgKRssX1gNMJZaNVYjH3GAR_X66kg8,Governo do Brasil,5829287075355252046,FREE,undefined,0,true,Gov.br is a means of user access to digital public services.,4.4,4.4056625
CAIXA | Aux√≠lio Emergencial 2021,br.gov.caixa.auxilio,https://play.google.com/store/apps/details?id=br.gov.caixa.auxilio,https://play-lh.googleusercontent.com/6CdznmuSC32CCfvL_KVkJ-klOiLJUH7A9glD0M6_sLv6ShesJLaOIO6exPoKzs5sxA,Caixa Econ√¥mica Federal,Caixa+Econ%C3%B4mica+Federal,FREE,undefined,0,true,Emergency Aid Application 2021,3.5,3.5271988
Messenger ‚Äì Text and Video Chat for Free,com.facebook.orca,https://play.google.com/store/apps/details?id=com.facebook.orca,https://play-lh.googleusercontent.com/ldcQMpP7OaVmglCF6kGas9cY_K0PsJzSSosx2saw9KF1m3RHaEXpH_9mwBWaYnkmctk,Facebook,Facebook,FREE,undefined,0,true,"Free group video chat, video calls, voice calls and text messaging.",4.3,4.253721
PayPal Mobile Cash: Send and Request Money Fast,com.paypal.android.p2pmobile,https://play.google.com/store/apps/details?id=com.paypal.android.p2pmobile,https://play-lh.googleusercontent.com/Y2_nyEd0zJftXnlhQrWoweEvAy4RzbpDah_65JGQDKo9zCcBxHVpajYgXWFZcXdKS_o,PayPal Mobile,PayPal+Mobile,FREE,undefined,0,true,"The PayPal mobile app is the secure way to send, receive, and access your money.",3.5,3.5300515
Globoplay,com.globo.globotv,https://play.google.com/store/apps/details?id=com.globo.globotv,https://play-lh.googleusercontent.com/FGkwAiCMsdzHLpWnhk_rG-LpcIoCNgJDMrMCKxf_LTaXiWEboFAyeMQCf9eDI4MzjOg,Globo Comunica√ß√£o e Participa√ß√µes S.A.,Globo+Comunica%C3%A7%C3%A3o+e+Participa%C3%A7%C3%B5es+S.A.,FREE,undefined,0,true,"Series, novels, cinema, children's, journalism and sports when and where you want.",2.9,2.8578312
"Amazon Shopping - Search, Find, Ship, and Save",com.amazon.mShop.android.shopping,https://play.google.com/store/apps/details?id=com.amazon.mShop.android.shopping,https://play-lh.googleusercontent.com/QPKtPRTJyhrYoPqYmjP81aCeYAQrH7ocIC25Tw8spEoKsX7eY0cqXMJp4QfkIq2bSg,Amazon Mobile LLC,Amazon+Mobile+LLC,FREE,undefined,0,true,"Browse, search &amp; buy millions of products right from your Android device.",4.5,4.5362067
"Free WiFi Passwords, Offline maps & VPN. WiFi Map¬Æ",io.wifimap.wifimap,https://play.google.com/store/apps/details?id=io.wifimap.wifimap,https://play-lh.googleusercontent.com/SnhTxeJgxWHS7AlwEl_QNa2lpwCNFsL3Dqrzl-jMqvwFzYMIZW5V3IHUWFU3bKe6N8Kg,WiFi Map LLC,8565181914239008089,FREE,undefined,0,true,Offline WiFi passwords map finder and secure VPN to access fast &amp; free internet.,4.3,4.307572
Super Cleaner - Superior phone cleaner & Booster,com.mars.dotdot.boost.clean,https://play.google.com/store/apps/details?id=com.mars.dotdot.boost.clean,https://play-lh.googleusercontent.com/58LeuDxa_Tizg-6pmaTsXyB9kw4e5r3-wTjji-Zywv7F2LTB1PRaXlinvbqIMysPfg0,Multi Space UP,Multi+Space+UP,FREE,undefined,0,true,"Super Cleaner - a light, fast and superior phone cleaner &amp; booster for android.",3.6,3.5967336
Ame Digital: Carteira Digital com Cashback,com.b2winc.amedigital,https://play.google.com/store/apps/details?id=com.b2winc.amedigital,https://play-lh.googleusercontent.com/I9ZxHTg3hvf8LvIZqkf7jqjMcl7cmAwhZLVcuX5Kzl2k8U3fEoj60bzCfML52jFmSg,B2W Digital,B2W+Digital,FREE,undefined,0,true,A much easier and faster way to pay.,4.3,4.2992754
"Lojas Renner - Comprar Roupa, Lingerie, Sapatos",br.com.lojasrenner,https://play.google.com/store/apps/details?id=br.com.lojasrenner,https://play-lh.googleusercontent.com/wCubtgv8BotXA-hjQdH1Fq3nTio1u6-k387HbBWFzqPIyp8Tk4yAzayVA5UExZ1qLA,Lojas Renner,Lojas+Renner,FREE,undefined,0,true,"Renner Mother's Day: buy clothes, perfumes and accessories for every type of mother!",4.6,4.591265
Wish - Shopping Made Fun,com.contextlogic.wish,https://play.google.com/store/apps/details?id=com.contextlogic.wish,https://play-lh.googleusercontent.com/48ehEzpO3FESH3ncULXG-iMPZRjxcqhtFXzLJlscWkBZIpIskxl30J7_1hG2riQtrkqe,Wish Inc.,Wish+Inc.,FREE,undefined,0,true,Millions of stores in the palm of your hands.,4.7,4.657588
Neon - Digital bank,br.com.neon,https://play.google.com/store/apps/details?id=br.com.neon,https://play-lh.googleusercontent.com/01q1QTR9RNKu7NEPzbFqPRQoyg-AOuUMYFT1ve_gO5hq9RJBX1hNz0GjJnQ1qMUE_4c,Neon Pagamentos S. A.,Neon+Pagamentos+S.+A.,FREE,undefined,0,true,Neon simplifies life,3.9,3.932588
"Extra: Compras Online, Promo√ß√µes e Descontos",com.novapontocom.extra,https://play.google.com/store/apps/details?id=com.novapontocom.extra,https://play-lh.googleusercontent.com/BFtT6qDrKDC94tL2N6AfR1OJJdt1xCNSK-OuhvgQcobsaxraYHrBpvKFHUcyUwOOHx4,Via Varejo S.A.,Via+Varejo+S.A.,FREE,undefined,0,true,Exclusive offers for you to buy the products you most want. Download now!,4.6,4.6489854
HD Stickers packs for WhatsApp - WAStickersApps,com.style.sticker,https://play.google.com/store/apps/details?id=com.style.sticker,https://play-lh.googleusercontent.com/g1oH75WdAFsSXpvYYP9nrbFBo6Up2WLfllbzg6nCvgxi9n4HH647QyyGX9yxRyN-xbE,MEME Studio,MEME+Studio,FREE,undefined,0,true,Sticker style HD Stickers for WhatsApp WAStickerApps,4.4,4.3734407
Cine Vision V3,com.trailers.vision,https://play.google.com/store/apps/details?id=com.trailers.vision,https://play-lh.googleusercontent.com/1K77z6F4raM066ukg9EcCr0sViHTqrnkSeTA5ft-Jy19ft6uR4bbCr3C2zn_kTji7uc,Vision Limited Inc.,Vision+Limited+Inc.,FREE,undefined,0,true,Cine Vision (V3) is a database of films and TV created by the community.,4.8,4.81956
Uber - Request a ride,com.ubercab,https://play.google.com/store/apps/details?id=com.ubercab,https://play-lh.googleusercontent.com/qy_wZ92sFQccojEtscg52vtdAQmCIeQ4jsybMPmuML9Or7_SEOyrt0Jn0wyG-l2Fyw,"Uber Technologies, Inc.",7908612043055486674,FREE,undefined,0,true,We‚Äôve established new safety protocols to help you feel safe when you ride.,4.2,4.211148
FGTS,br.gov.caixa.fgts.trabalhador,https://play.google.com/store/apps/details?id=br.gov.caixa.fgts.trabalhador,https://play-lh.googleusercontent.com/0dI0ITjQ3OUk-SKForkwViIQvRTwGewu3SlhOtSkkuqHDnjjV8jBHD4g1uERyGDLCXGq,Caixa Econ√¥mica Federal,Caixa+Econ%C3%B4mica+Federal,FREE,undefined,0,true,Your 100% digital FGTS,4.6,4.551534
Adobe Lightroom - Photo Editor & Pro Camera,com.adobe.lrmobile,https://play.google.com/store/apps/details?id=com.adobe.lrmobile,https://play-lh.googleusercontent.com/45Z9GSsH0_wU9r-yzwJC11SUVcU57im5V5R1fa5FaUFEB49g6hzvTVoQ-wz4mZpITow,Adobe,4734916851270416020,FREE,undefined,0,true,Learn new photo editing skills anywhere with interactive tutorials.,4.1,4.135348
Banco Ita√∫,com.itau,https://play.google.com/store/apps/details?id=com.itau,https://play-lh.googleusercontent.com/CyP_f9VxfdTyixcWO_-2IW5cJ1M8adkqRrY9Wo_CkH0Ixj12qdg1SJHpuye-9n_YYqM,Ita√∫ Unibanco S. A.,6670232843082341199,FREE,undefined,0,true,You now make direct personal loan through the Ita√∫ app! Download now and enjoy!,4.3,4.2840214
Meu Vivo,br.com.vivo,https://play.google.com/store/apps/details?id=br.com.vivo,https://play-lh.googleusercontent.com/-HNOwAPskh0OmsrEVYi_rSCUSDhhDh29WEb4dR0XIJLq-C6J4iLRKN0MMupMRN4QGg,VIVO S.A.,VIVO+S.A.,FREE,undefined,0,true,Manage your Vivo plan and track your consumption and statement in one place.,4.3,4.3116083
"Adobe Acrobat Reader: PDF Viewer, Editor & Creator",com.adobe.reader,https://play.google.com/store/apps/details?id=com.adobe.reader,https://play-lh.googleusercontent.com/YGD-4C3wA7RvzQF_DdJi5UA1tRM9FYGjeAMEtrfP_ckorM67F9eF9Ovk3WEfQk6HjT1q,Adobe,4734916851270416020,FREE,undefined,0,true,"Send PDFs for e signatures, edit on the go &amp; help save battery with dark mode.",4.7,4.6638355
Minha Claro M√≥vel,com.nvt.cs,https://play.google.com/store/apps/details?id=com.nvt.cs,https://play-lh.googleusercontent.com/bgNS99GWrSJrooOYqmo4FGID7kfRMeH-BjonG9rBypsH0abm_S84ejFw2WcwfEFzjLI,Claro S/A,Claro+S/A,FREE,undefined,0,true,My course is the self-service application of course.,4.4,4.351627
File Manager,com.alphainventor.filemanager,https://play.google.com/store/apps/details?id=com.alphainventor.filemanager,https://play-lh.googleusercontent.com/9PzlG2XGr5sQDf5925tlZhqluOreI2cwzp-FOZiuj545Kt1Gk5EE9J4IdGsD7e5xWw,File Manager Plus,File+Manager+Plus,FREE,undefined,0,true,"Fast, easy-to-use and full-featured file manager app with cloud integration.",4.8,4.7530184
"Anivers√°rio Shoptime: Compras, Ofertas e Promo√ß√£o",com.b2w.shoptime,https://play.google.com/store/apps/details?id=com.b2w.shoptime,https://play-lh.googleusercontent.com/sPkVe0ao0nteuGj8IHzjRFPNnO2Tr0KanSYTBAnZsM4GyHN82VJjHeEZvCa3rPb8dzcA,B2W Digital,B2W+Digital,FREE,undefined,0,true,Shoptime Anniversary: ‚Äã‚ÄãGreat Deals and Discount Coupons for Online Shopping,4.6,4.5858884
BOOYAH!,com.mambet.tv,https://play.google.com/store/apps/details?id=com.mambet.tv,https://play-lh.googleusercontent.com/PDqQPXut8gtq3u-L9JfE2nurf-anFVZxSFwgMph4GTznMpQLKgT2UHJObngAoriqE8WX,GARENA INTERNATIONAL I PRIVATE LIMITED,GARENA+INTERNATIONAL+I+PRIVATE+LIMITED,FREE,undefined,0,true,"BOOYAH! is a universal app for short gaming clips, livestream and highlights!",4.7,4.7096653
Screen Recorder & Video Recorder - XRecorder,videoeditor.videorecorder.screenrecorder,https://play.google.com/store/apps/details?id=videoeditor.videorecorder.screenrecorder,https://play-lh.googleusercontent.com/RX8RBGnnxFgncaU649msEAdLpQmXiSlzAZrjOtdSnvyptB16wWlQNFdRrMWNSdkIQ2tn,InShot Inc.,InShot+Inc.,FREE,undefined,0,true,FREE screen recorder with audio to take live videos&amp; Screenshot in high quality!,4.8,4.7549443
Pontofrio: Promo√ß√µes e Ofertas nas Compras Online,com.sonyericsson.pontofrio,https://play.google.com/store/apps/details?id=com.sonyericsson.pontofrio,https://play-lh.googleusercontent.com/uH4UU6LOvvVvdHySZcv-h0Oyxy00YADHqPmHwpzncAIu0zhs2iMMP5DWQpEkm6JbOf8,Via Varejo S.A.,Via+Varejo+S.A.,FREE,undefined,0,true,At Pontofrio you download the app and buy the best deals at a discount!,4.7,4.7038836
Consulta Aux√≠lio Brasil 2021,com.solucoesbr.consultaauxilio,https://play.google.com/store/apps/details?id=com.solucoesbr.consultaauxilio,https://play-lh.googleusercontent.com/fTbc6t1HMi2BZHmpsebaNPg33D_17bMGYo4hpJ122YVt7PASgGffJmGha3Ff-eVMlk4,Solu√ß√µes Brasil,5472389597891547350,FREE,undefined,0,true,Assist consultation with Emergency Aid 2021 and the Plot Schedule,4.3,4.3397436
Zapee Status,com.vstatus.premium,https://play.google.com/store/apps/details?id=com.vstatus.premium,https://play-lh.googleusercontent.com/CVDdZB5Rv_aqz_kTqfjLZO0YXs_KBZ4IweBm9AVOQ3a585M5ieUUpPKC0Jj4scQZ_g,Zapee,Zapee,FREE,undefined,0,true,"Watch videos, post videos, and share videos with your friends.",4.5,4.541283
YouTube Music - Stream Songs & Music Videos,com.google.android.apps.youtube.music,https://play.google.com/store/apps/details?id=com.google.android.apps.youtube.music,https://play-lh.googleusercontent.com/GnYnNfKBr2nysHBYgYRCQtcv_RRNN0Sosn47F5ArKJu89DMR3_jHRAazoIVsPUoaMg,Google LLC,5700313618786177705,FREE,undefined,0,true,The world of music dedicated to you,4.1,4.074788
Light cleaner,cleaner2021.optimization.acceleration,https://play.google.com/store/apps/details?id=cleaner2021.optimization.acceleration,https://play-lh.googleusercontent.com/aftUITWLqUoCexeiLFTuGwk4h66EN3JS4wZAFXJEsAsRpGdKb9AT8pbZTOWoKGYlRSQ,APP labs co,8228013028448331240,FREE,undefined,0,true,Lite android cleaner. Speeds up and cleans your phone.,3.7,3.6893203
"Discord - Talk, Video Chat & Hang Out with Friends",com.discord,https://play.google.com/store/apps/details?id=com.discord,https://play-lh.googleusercontent.com/_4zBNFjA8S9yjNB_ONwqBvxTvyXYdC7Nh1jYZ2x6YEcldBr2fyijdjM2J5EoVdTpnkA,Discord Inc.,Discord+Inc.,FREE,undefined,0,true,"Your place to talk, video chat, and hang out with friends and communities.",4.5,4.481754
Binance: Bitcoin Marketplace & Crypto Wallet,com.binance.dev,https://play.google.com/store/apps/details?id=com.binance.dev,https://play-lh.googleusercontent.com/YaJVsuv4cxsegY_VYcsWpKY-4nt7g2il77XVWZrm_z9Knd3PJAGaBlBuQyahlm85aic,Binance Inc.,Binance+Inc.,FREE,undefined,0,true,"Crypto, Bitcoin, NFTs.  It's all here at the world's largest exchange, Binance.",3.8,3.7933333
banco next,br.com.bradesco.next,https://play.google.com/store/apps/details?id=br.com.bradesco.next,https://play-lh.googleusercontent.com/H10aAKl4vs91sow3buRJk85cEN58T7onVyNqVQPnWnEpRQmelArjGLdUx05imRQePjCD,next - faz acontecer,next+-+faz+acontecer,FREE,undefined,0,true,The next is a digital database with everything and can still be In Range. Free yourself;),4.1,4.1212363
MEU TIM,br.com.timbrasil.meutim,https://play.google.com/store/apps/details?id=br.com.timbrasil.meutim,https://play-lh.googleusercontent.com/U_NE4YtUoSzUU-wa7spbP0vB9VqrVxSrcjodyvGo-EsMDo4Pr-hLmutRuVXNz4V_eg,TIM S.A.,TIM+S.A.,FREE,undefined,0,true,"See information about your account, credits, activate promotions and more!",3.2,3.2289617
Santander Way,br.com.santander.way,https://play.google.com/store/apps/details?id=br.com.santander.way,https://play-lh.googleusercontent.com/kEtHvCwpiYQQrCPifwMJFjGnrw_mX6Bt-SeWNwsMNjQb-EfiVCoUZnZW0luUoJBFaeA,Banco Santander (Brasil) S.A.,Banco+Santander+(Brasil)+S.A.,FREE,undefined,0,true,Follow in real time all the details of your Santander cards with the Way.,4.4,4.382066
Music Player & MP3 Player - Lark Player,com.dywx.larkplayer,https://play.google.com/store/apps/details?id=com.dywx.larkplayer,https://play-lh.googleusercontent.com/WfnBxlXCNhKPaBBL6VasmJw2YTURoGDFxKlJmyGdz_0b49z2nJeiaN3iCXwbcEObvzg,Lark Player Studio,Lark+Player+Studio,FREE,undefined,0,true,"üíó  A music app chosen by 100M+ users, best music player &amp; MP3 player. üíó",4.7,4.6541095
BTG+,com.btg.pactual.banking,https://play.google.com/store/apps/details?id=com.btg.pactual.banking,https://play-lh.googleusercontent.com/1FgarQiH4gR1PmtVZiqlIAei0x_7tUCeq41MJKwcSYjQGq25AeR1xMuwq-DQguve6g,Banco BTG Pactual S.A.,Banco+BTG+Pactual+S.A.,FREE,undefined,0,true,We gave a BTG in your financial experience,4.6,4.6329703
Twitch: Livestream Multiplayer Games & Esports,tv.twitch.android.app,https://play.google.com/store/apps/details?id=tv.twitch.android.app,https://play-lh.googleusercontent.com/QLQzL-MXtxKEDlbhrQCDw-REiDsA9glUH4m16syfar_KVLRXlzOhN7tmAceiPerv4Jg,"Twitch Interactive, Inc.","Twitch+Interactive,+Inc.",FREE,undefined,0,true,"Multiplayer Gaming, Live Esports &amp; Gamer Chat: Watch Fortnite, Minecraft &amp; PUBG",4.7,4.6681895
"Biugo-video maker, photo video maker, video editor",com.yy.biugo.lite,https://play.google.com/store/apps/details?id=com.yy.biugo.lite,https://play-lh.googleusercontent.com/BXa3zX8U15FgXGksP-_ns0WOsKxHS8GN5aRCv6IbWj07gsF4FzbN_G1OORBguxxbYQ4,biugo,biugo,FREE,undefined,0,true,"üèÜBiugo-mv master video maker, boo video maker, video editor, snack video maker.",4.4,4.43802
ClipClaps - Reward your interest,com.sanhe.clipclaps,https://play.google.com/store/apps/details?id=com.sanhe.clipclaps,https://play-lh.googleusercontent.com/MoZw2SoDTDZNlGYcH_ljvIsiWtcvJqChgdng5sWo73aXDKnptav9IE8hC0yHG1si0A2i,GRAND CHANNEL ENTERTAINMENT LIMITED,GRAND+CHANNEL+ENTERTAINMENT+LIMITED,FREE,undefined,0,true,Get rewarded for watching your favorite videos,4.3,4.2758427
ZArchiver,ru.zdevs.zarchiver,https://play.google.com/store/apps/details?id=ru.zdevs.zarchiver,https://play-lh.googleusercontent.com/D1POO3HtYVgSW65yv3JLMrr8F7L9RcYUfEw_ug3BhMhMgN0b2fZ414cYkmSwVRr737aY,ZDevs,ZDevs,FREE,undefined,0,true,The best 7zip app!,4.6,4.591687
Consulta Aux√≠lio 2021,com.brasilapps.consultaauxilio,https://play.google.com/store/apps/details?id=com.brasilapps.consultaauxilio,https://play-lh.googleusercontent.com/f7W_R8ljbNjTW5OFAU33I1TtMz7RlrjHDw18wZLbpLg0ssHVpuCZpttTj0Akw-RnJw,Brasilapps,Brasilapps,FREE,undefined,0,true,Consultation of Emergency Aid 2021 and Schedule of installments,3.5,3.5192308
"Smart Security - Phone Cleaner, Booster, Defender",com.smartsecurityxzt,https://play.google.com/store/apps/details?id=com.smartsecurityxzt,https://play-lh.googleusercontent.com/AVWBHPPRImi0jFqVVPtmh-VTQMH07lfqDcG1hAaETI4X22NjSbTlor_-uOdn8G56rZeE,Sourcery,Sourcery,FREE,undefined,0,true,Why do our users believe that Smart Security is an ALL-IMPORTANT app?,4.7,4.71248
"M√©liuz: Cashback, Cart√£o de Cr√©dito e Cupons",br.com.meliuz,https://play.google.com/store/apps/details?id=br.com.meliuz,https://play-lh.googleusercontent.com/tqLx8NVKUHTqo3N8nQxth8PbQjSNrED_3BRx5rb6LxHQrBFdvve5kkIjutMJgxDXReU,M√©liuz,M%C3%A9liuz,FREE,undefined,0,true,Earn cashback at hundreds of online stores and also with our credit card,4.3,4.3316956
Story Saver for Instagram: Insta Download & Repost,com.lyrebirdstudio.storydownloader,https://play.google.com/store/apps/details?id=com.lyrebirdstudio.storydownloader,https://play-lh.googleusercontent.com/7cuzSyU5rR29UWDW40Uy6EzD_pperOTVPh6Lcq3-X7nZT9HUMgvd6m0LvxtZ35nRk3N8,Lyrebird Studios,Lyrebird+Studios,FREE,undefined,0,true,Best Story Saver for Instagram Video Downloader: Insta Download &amp; Story Reposter,4.1,4.131356
"PREQUEL: Effects, Filters & Editing",com.prequel.app,https://play.google.com/store/apps/details?id=com.prequel.app,https://play-lh.googleusercontent.com/36YDpLl60mfXJkYNx6wXIcqqcMlC5B2Shz3wi9tXO2IZ5UvN5EU8gOfWFI1Nxn8CvKTe,Prequel Inc.,6562506502134777861,FREE,undefined,0,true,"Aesthetic video &amp; photo editor with unique presets: VHS, Disco, Miami and more.",3.5,3.4864864
YouTube Kids,com.google.android.apps.youtube.kids,https://play.google.com/store/apps/details?id=com.google.android.apps.youtube.kids,https://play-lh.googleusercontent.com/S4wylkvt2jz16hnG9IG0pAZosbB82nWWy8P-rQkb54uH-SCVd5L2j7z7x1Vz5pZvIRc,Google LLC,5700313618786177705,FREE,undefined,0,true,Encourage kids to discover the world with a suite of parental controls,4.4,4.381107
Snapchat,com.snapchat.android,https://play.google.com/store/apps/details?id=com.snapchat.android,https://play-lh.googleusercontent.com/KxeSAjPTKliCErbivNiXrd6cTwfbqUJcbSRPe_IBVK_YmwckfMRS1VIHz-5cgT09yMo,Snap Inc,Snap+Inc,FREE,undefined,0,true,Share the moment!,4.4,4.4428267
"Pix, internet banking e conta | Banco Original",br.com.original.bank,https://play.google.com/store/apps/details?id=br.com.original.bank,https://play-lh.googleusercontent.com/iA4hVlqZQHtr79NIRbpyBkezQFzL4GztUuDIovXxmdkDnuKMYyqVYSR8E__gezgcCbk,Banco Original,Banco+Original,FREE,undefined,0,true,Digital bank with cashback in credit and fixed income investments,3.5,3.501306
IQ Option ‚Äì Online Investing Platform,com.iqoption,https://play.google.com/store/apps/details?id=com.iqoption,https://play-lh.googleusercontent.com/9vYKx4oKSp219brQhwK7xSpGOHoi2IFBpBLUAdWymMlFppOINGkl7n7aFeLlsHfIP-w,IQ Option,IQ+Option,FREE,undefined,0,true,"Day trading, buy and sell stocks. View shares, make your own portfolio",4.1,4.1319566
Itaucard: Cart√£o de cr√©dito,com.itaucard.activity,https://play.google.com/store/apps/details?id=com.itaucard.activity,https://play-lh.googleusercontent.com/vTyIpS6vdo-fABcbrXJ9EmWUHyPr1r0O9Go2u1EWEHsRn_WzJmRiMPcrzVw55yNGFOVk,Ita√∫ Unibanco S. A.,6670232843082341199,FREE,undefined,0,true,"Track purchases, limit and split credit card bills directly in the app",4.1,4.1069684
Zoom - Ofertas e Descontos para Compras Online,com.zoom.zoomandroid,https://play.google.com/store/apps/details?id=com.zoom.zoomandroid,https://play-lh.googleusercontent.com/QPk3C0Acgp8yFzG6pjbstf48UblCsOV5FPYEkkRkCDc-MuTLNK86T93di2syC8D-vms,Mosaico Neg√≥cios de Internet S.A,Mosaico+Neg%C3%B3cios+de+Internet+S.A,FREE,undefined,0,true,"Compare prices, find the best deal and make your purchases",4.6,4.598069
PIX - Guia Pr√°tico,com.technews.pixguiapratico,https://play.google.com/store/apps/details?id=com.technews.pixguiapratico,https://play-lh.googleusercontent.com/uMZzY2gC9AlYAvGhtblWNzQqRWxvPA7K5oHdYEwVhR5_CppgGoSD2ItHZBABXIxvWBLx,Tech News,Tech+News,FREE,undefined,0,true,Discover the new means of instant payments that will revolutionize the market.,3.8,3.8137255
"Badoo ‚Äî The Dating App to Chat, Date & Meet People",com.badoo.mobile,https://play.google.com/store/apps/details?id=com.badoo.mobile,https://play-lh.googleusercontent.com/n-L_egXxB8eY4EQxl3ymo-ZyV-fVqMJqsiYA9hXR1-ZMcFcMki7Hbst4U3ILW9AnHNM,Badoo,5884062829898474398,FREE,undefined,0,true,"Enjoy meeting new people near you, join the best free online dating app today.",4.0,4.0477047
Free WiFi Passwords & Hotspots by Instabridge,com.instabridge.android,https://play.google.com/store/apps/details?id=com.instabridge.android,https://play-lh.googleusercontent.com/lXzm0BToiKcb6lx85TWcy3ANUSNlWLjzuKdIYHag27tgzWs3zRWNrbhttZxcLtbHJQrX,Degoo Backup AB - Cloud,5766113960745724007,FREE,undefined,0,true,Install the app ‚Üí Auto-connect to WiFi ‚Üí Surf the Internet for free!,4.2,4.1556754
Avast Antivirus ‚Äì Mobile Security & Virus Cleaner,com.avast.android.mobilesecurity,https://play.google.com/store/apps/details?id=com.avast.android.mobilesecurity,https://play-lh.googleusercontent.com/L2iE8omFL9w4v5PEsO15t1MpG-lOI3PqJ5rX469U-Hv75K7j6BNokSr4svX8ZQmPS3I,Avast Software,5078220335056375043,FREE,undefined,0,true,"Android Mobile Security with Free Antivirus, Virus cleaner and Phone cleaner",4.7,4.715957
"ToonApp: AI Cartoon Photo Editor, Cartoon Yourself",com.lyrebirdstudio.cartoon,https://play.google.com/store/apps/details?id=com.lyrebirdstudio.cartoon,https://play-lh.googleusercontent.com/JOhBYT5XAVM9Nyt4etxsSbvTgy2mu6KfpUN6YVVQyQXIZ68sfiu4sVU1Nq-iO2qneeE,Lyrebird Studios,Lyrebird+Studios,FREE,undefined,0,true,"Cartoon photo editor with fun cartoon face filters. Cartoon Maker free, toon me!",4.6,4.562513
Universal TV Remote Control,codematics.universal.tv.remote.control,https://play.google.com/store/apps/details?id=codematics.universal.tv.remote.control,https://play-lh.googleusercontent.com/rME4EJyOj1zBMSYKKSH142ZxiBJcj6ktPWxrJ1R-OzjGKjcpPZIm8r-B3CQtpbeumDk,CodeMatics Media Solutions,4664062132977048345,FREE,undefined,0,true,The Top TV Remote App for Smart TVs and IR TVs,4.2,4.1924562
Baixar m√∫sicas MP3 Gr√°tis - TubePlay Mp3 Download,com.soundmax.tubeplayermp3.downloadfreemusic,https://play.google.com/store/apps/details?id=com.soundmax.tubeplayermp3.downloadfreemusic,https://play-lh.googleusercontent.com/Y6c8nNlNU1i1hsPDWJRHvyccTas-achRKQ0zWshi9kKhNfP_NwFzBsRD-oGs84ocEiEM,Soundmax Dev,7176940439673770906,FREE,undefined,0,true,Reproduzir e baixar m√∫sica MP3 gr√°tis - Tube Player MP3 downloader,4.5,4.4761906
"Video Recorder,Screen Recorder-Vidma Recorder Lite",vidma.screenrecorder.videorecorder.videoeditor.lite,https://play.google.com/store/apps/details?id=vidma.screenrecorder.videorecorder.videoeditor.lite,https://play-lh.googleusercontent.com/hTirmL1A-fuPYWODs7rkuBUvT7J9b5-DRrOipBUwdACNX5MuBO7ubTnpiJECd84AMnk,Vidma Video Studio,Vidma+Video+Studio,FREE,undefined,0,true,FREE screen recorder &amp; Simple recording app to record screen and HD live video!,4.7,4.746762
"One Security - Antivirus, Cleaner, Booster",com.cleanteam.onesecurity,https://play.google.com/store/apps/details?id=com.cleanteam.onesecurity,https://play-lh.googleusercontent.com/p3NumlYaiEhMAoxPwGLrDbvg9wjTJJWWSMPQByXeQymJf8u1wvNpIWBx9NZ46X2qy9w,One Dot Moblie Limited,8817236383700323055,FREE,undefined,0,true,"Malware protection, Junk file &amp; Antivirus clean, Mobile phone performance boost",4.7,4.691663
WPSApp,com.themausoft.wpsapp,https://play.google.com/store/apps/details?id=com.themausoft.wpsapp,https://play-lh.googleusercontent.com/EPCZElozBX6JUjkDOLmTw5VHZce0RIE8Nk-LSPVOJkcfHHyuhTsFrf1XXPBZT_fnnH4,TheMauSoft,TheMauSoft,FREE,undefined,0,true,Check your WiFi's network security. Any intruders? WPS protocol,4.2,4.2293296
"Dafiti - Promo√ß√£o de roupas, sapatos, home e decor",br.com.dafiti,https://play.google.com/store/apps/details?id=br.com.dafiti,https://play-lh.googleusercontent.com/oKJmywken2GtkjM8DxpgfbWmdsv83a0FA7whzBBYtwjSmJcfdqozaekOva8VUwyYOt5V,GFG Com√©rcio Digital,6538603038516152786,FREE,undefined,0,true,Sale with the best promotions for clothes and shoes. Take advantage of the offers!,4.3,4.30989
ZEPETO,me.zepeto.main,https://play.google.com/store/apps/details?id=me.zepeto.main,https://play-lh.googleusercontent.com/tIeI_EWZFBCoHmV50hngRaWOqKfoERUNlROYjDuiDpc7yv_S-6_CpyNWIbN6C-aBAVtq,Naver Z Corporation,Naver+Z+Corporation,FREE,undefined,0,true,Another me in another universe,3.6,3.5501199
"C&A: Loja de Roupas Online e Sapatos, Promo√ß√µes",br.com.cea.appb2c,https://play.google.com/store/apps/details?id=br.com.cea.appb2c,https://play-lh.googleusercontent.com/_atrdciO18d5zGrz-TITvI2_pfhGv_41utPz888oq-amRh2lAbV4P4QDqRo9Q6C-sQ,C&A Brasil,C%26A+Brasil,FREE,undefined,0,true,"BBB&#39;s official look is at C&amp;A! Choose your jeans, pants and more clothes online",3.5,3.5160384
Document to PDF Converter - DOC / DOCX to PDF,com.pdf.suite.app.word2pdfconverter,https://play.google.com/store/apps/details?id=com.pdf.suite.app.word2pdfconverter,https://play-lh.googleusercontent.com/PClG4TNm15a0QIfp9aMoHxc9XiBqLsicQVJSnIuCMOqs7rNtRfHxBrtITJRfzKfyPPxg,Pequi Apps,Pequi+Apps,FREE,undefined,0,true,Convert Documents to PDF quickly! DOC / DOCX to PDF converter.,4.5,4.5347986
Narrator's Voice,br.com.escolhatecnologia.vozdonarrador,https://play.google.com/store/apps/details?id=br.com.escolhatecnologia.vozdonarrador,https://play-lh.googleusercontent.com/wI38p471XkigZQkINRMfhp8eGmCINlxA0KHlEkWHQ9pVa21seefc-SNraWYUc7ODUgMA,Escolha Tecnologia,5978392300521042263,FREE,undefined,0,true,"Speak with many voices in many languages, easily convert text to speech (TTS)",4.6,4.612578
Bradesco Cart√µes,br.com.bradesco.cartoes,https://play.google.com/store/apps/details?id=br.com.bradesco.cartoes,https://play-lh.googleusercontent.com/cEjvQKRG5kawzVDwAuWCZFMREOrAIQLbnlZDw5hFveG4SlTgDySpP7EmRWpHv0lkmA,Banco Bradesco SA,Banco+Bradesco+SA,FREE,undefined,0,true,Welcome to Bradesco Cards app!,4.1,4.0616674
Rave ‚Äì Watch Party,com.wemesh.android,https://play.google.com/store/apps/details?id=com.wemesh.android,https://play-lh.googleusercontent.com/JilXL2y0BBWYbqOQ_BgrxB-G2830hr5ZuOylAPNuf_IlkZkERQBow7hrCBCaxPjo7Qhx,Rave Inc.,Rave+Inc.,FREE,undefined,0,true,"Enjoy YouTube, watch Netflix and listen to music with your friends!",4.4,4.4130654
Wombo: Make your selfies sing,com.womboai.wombo,https://play.google.com/store/apps/details?id=com.womboai.wombo,https://play-lh.googleusercontent.com/io9cXsTKovnbl3Si9ME_R4PTleDy0MJxIdPqhlsDRqcPud9ah1Xsc62q5B9stCM9bow,Wombo Studios Inc,7458759891417339833,FREE,undefined,0,true,Create hilarious lip sync videos with a single selfie.,4.1,4.1310725
CamScanner - Scanner to scan PDF,com.intsig.camscanner,https://play.google.com/store/apps/details?id=com.intsig.camscanner,https://play-lh.googleusercontent.com/eWYNxjXiub6-HqtwoS2d4bl-NkqcKgOHansSnXXqje8-K9XLRwflOgEYwSzPMicdAA,"INTSIG Information Co., Ltd.","INTSIG+Information+Co.,+Ltd.",FREE,undefined,0,true,"Scan paperwork into PDF/JPG, generate your own e-signature and send fax or email",4.7,4.6672125
Meu Alelo,air.br.com.alelo.mobile.android,https://play.google.com/store/apps/details?id=air.br.com.alelo.mobile.android,https://play-lh.googleusercontent.com/OuOelGvGBD9k3ubXIR9DWvE9mvysOB9wPG6SYQRlh3L0k00gz5Ejlskh-ZoeHFtBmL8,Alelo,Alelo,FREE,undefined,0,true,Official App of the allele for balance inquiry / statement and self-service.,4.3,4.320447
Cashzine: Buzz Interact & Get Reward Daily,com.sky.sea.cashzine,https://play.google.com/store/apps/details?id=com.sky.sea.cashzine,https://play-lh.googleusercontent.com/F8PwkvD_4lobHGGCWAVscntNF8uCegUCPyfkmW6-BJgJoI7ciWxpnmqBZHfr7ENz6PFI,Points Culture,Points+Culture,FREE,undefined,0,true,Cashzine is a lifestyle app that generates daily buzz to engage with friends.,4.1,4.0878763
Personal Stickers - Let photo to personal sticker.,com.memeandsticker.personal,https://play.google.com/store/apps/details?id=com.memeandsticker.personal,https://play-lh.googleusercontent.com/vnaukrUrgpWCpEGQSoXNYFKsOuOnP8Zmq2Vvbg973EXgDNJdJY_PNNQBJDNhEwfKhgk,Personal Sticker Meme Developer,Personal+Sticker+Meme+Developer,FREE,undefined,0,true,Personal Stickers Maker - 5000+ HD stickers and funny memes,4.4,4.3690476
ibis Paint X,jp.ne.ibis.ibispaintx.app,https://play.google.com/store/apps/details?id=jp.ne.ibis.ibispaintx.app,https://play-lh.googleusercontent.com/QcfhlXm32JDnj3WM2-TSL78ad99x4slovX4OzCSLSPU3uRN-mGXpKyM_yeXiewhz0Lk,ibis inc.,ibis+inc.,FREE,undefined,0,true,"Share the joy of painting with ibis Paint X!
Drawing anime and manga art.",4.5,4.4648714
Remini - Photo Enhancer,com.bigwinepot.nwdn.international,https://play.google.com/store/apps/details?id=com.bigwinepot.nwdn.international,https://play-lh.googleusercontent.com/e8RmAyXaKy5plJs7oV3p6vx2C8c5jonDsefLKvAG3w7YUB7VQYRJ2jFM4E0PBuZiQQw,Remini,Remini,FREE,undefined,0,true,"Enhance old, blurred, damaged, scratched photos and videos to HD",4.7,4.7092032
Cashzine: Buzz Interact & Get Reward Daily,com.sky.sea.cashzine,https://play.google.com/store/apps/details?id=com.sky.sea.cashzine,https://play-lh.googleusercontent.com/F8PwkvD_4lobHGGCWAVscntNF8uCegUCPyfkmW6-BJgJoI7ciWxpnmqBZHfr7ENz6PFI,Points Culture,Points+Culture,FREE,undefined,0,true,Cashzine is a lifestyle app that generates daily buzz to engage with friends.,4.4,4.412862
Personal Stickers - Let photo to personal sticker.,com.memeandsticker.personal,https://play.google.com/store/apps/details?id=com.memeandsticker.personal,https://play-lh.googleusercontent.com/vnaukrUrgpWCpEGQSoXNYFKsOuOnP8Zmq2Vvbg973EXgDNJdJY_PNNQBJDNhEwfKhgk,Personal Sticker Meme Developer,Personal+Sticker+Meme+Developer,FREE,undefined,0,true,Personal Stickers Maker - 5000+ HD stickers and funny memes,4.4,4.3817787
"Marisa - Comprar moletom, acess√≥rios e jeans",br.com.marisa.android,https://play.google.com/store/apps/details?id=br.com.marisa.android,https://play-lh.googleusercontent.com/eNccmEo39YOW_yUj3zPMZt7ArNr2AQqh3oQdEIHQJOHoep8NHN1y216YVos2HKf5sjU,Lojas Marisa,Lojas+Marisa,FREE,undefined,0,true,"Enjoy the app 70% OFF for blouses, lingerie, plus size fashion and pajamas!",4.7,4.745911
ibis Paint X,jp.ne.ibis.ibispaintx.app,https://play.google.com/store/apps/details?id=jp.ne.ibis.ibispaintx.app,https://play-lh.googleusercontent.com/QcfhlXm32JDnj3WM2-TSL78ad99x4slovX4OzCSLSPU3uRN-mGXpKyM_yeXiewhz0Lk,ibis inc.,ibis+inc.,FREE,undefined,0,true,"Share the joy of painting with ibis Paint X!
Drawing anime and manga art.",4.5,4.514766
Remini - Photo Enhancer,com.bigwinepot.nwdn.international,https://play.google.com/store/apps/details?id=com.bigwinepot.nwdn.international,https://play-lh.googleusercontent.com/e8RmAyXaKy5plJs7oV3p6vx2C8c5jonDsefLKvAG3w7YUB7VQYRJ2jFM4E0PBuZiQQw,Remini,Remini,FREE,undefined,0,true,"Enhance old, blurred, damaged, scratched photos and videos to HD",4.7,4.6650224
"Cash‚Äôem All: fetch rewards, gift cards & money",online.cashemall.app,https://play.google.com/store/apps/details?id=online.cashemall.app,https://play-lh.googleusercontent.com/9rWTlJi8FcJT6ZWqeQ072A6IhcJ_NdOzqRl2JwNIMjxgwxmSmslsdYglYzg3bJrfoQY,Cash'em All,Cash'em+All,FREE,undefined,0,true,Play games and earn money on your Paypal accountüí∏ or win gift cards for free üéÅ,4.2,4.231963
ParentsKit,com.parentskit.app,https://play.google.com/store/apps/details?id=com.parentskit.app,https://play-lh.googleusercontent.com/ep-GunLXLhzm5eaySEh4YGMZyXoFH5OffUQTNQFVFrLmKJmxOudyl8HHF7anN-ItXZ4,Jet Applications,Jet+Applications,FREE,undefined,0,true,A unique application designed for your family‚Äôs security: ParentsKit,2.8,2.8463016
"BIGO LIVE‚ÄìLive Stream, Live Chat, Go Live",sg.bigo.live,https://play.google.com/store/apps/details?id=sg.bigo.live,https://play-lh.googleusercontent.com/kuL_vLE0Cicj7IR3-pHzXZi0kPar9nwjVV-mIE5Px8YFw42EWDS5FtDB-46Z-rMo2xY,BIGO TECHNOLOGY PTE. LTD.,BIGO+TECHNOLOGY+PTE.+LTD.,FREE,undefined,0,true,"Live Stream, Live Video, talk to people around the world and make new friends.",4.4,4.3588905
Lomotif - Social Video Communities,com.lomotif.android,https://play.google.com/store/apps/details?id=com.lomotif.android,https://play-lh.googleusercontent.com/cJSieV3hOTmKi_MzGGwrS9T427_zW65gql5mCU0aeMEPXIWxvItltO5_IdrY_XI7YA,Lomotif Pte Ltd,Lomotif+Pte+Ltd,FREE,undefined,0,true,"#1 Social Video Editor with unlimited music for TikTok, Instagram, &amp; Snapchat!",3.2,3.2227943
Text Sticker 2021 for WhatsApp - WAStickerApps,com.stickerstudio.text,https://play.google.com/store/apps/details?id=com.stickerstudio.text,https://play-lh.googleusercontent.com/YQyfcwajn1RvI-ZW24rOSuc0F2nobVDqMGenSiR91SHI7ACrWGVr-TaMpplqvsxZaw,StickerTech,StickerTech,FREE,undefined,0,true,‚ù§Ô∏è 5000+ text sticker for WhatsApp(WAStickerApps) Third Party Sticker Packs,4.6,4.6072874
Face Truth - Future Face Seer & Face Swap,com.face.aging.face.truth,https://play.google.com/store/apps/details?id=com.face.aging.face.truth,https://play-lh.googleusercontent.com/VRUDx_j3N9y8A9lhHStXHwWyxODqp-06glFF8J65_uruy8u41h1vvSep2SGH-_uCp1Q,Face Truth Lab,Face+Truth+Lab,FREE,undefined,0,true,"Face scan, see your aging face. Face swap and turn you into foreigner.",2.1,2.0517144
"YouCut - Video Editor & Video Maker, No Watermark",com.camerasideas.trimmer,https://play.google.com/store/apps/details?id=com.camerasideas.trimmer,https://play-lh.googleusercontent.com/i0wdKnX0suNkIPdTWY0CNY6SYU31DB1GzdQUWlK42R14Pglj4PBlwZ_nVyhnVx751sI,InShot Inc.,InShot+Inc.,FREE,undefined,0,true,"Best Video Editor with Music, Text, Filter, Aspect Ratio, Merge and Crop Video.",4.8,4.835241
"Tinder - Dating, Make Friends and Meet New People",com.tinder,https://play.google.com/store/apps/details?id=com.tinder,https://play-lh.googleusercontent.com/fDpoqIbZ884ylRnMK8Lx9Fu4DsLQk5yt4f9WkxeOAPpGnzc9BTi_YKkMsLvoMdx7Uzg,Tinder,8070166968320699506,FREE,undefined,0,true,"App to Match, Chat &amp; Date with New People - online, near you &amp; around the world!",3.3,3.3238811
"Mathway: Scan Photos, Solve Problems",com.bagatrix.mathway.android,https://play.google.com/store/apps/details?id=com.bagatrix.mathway.android,https://play-lh.googleusercontent.com/FCMEORLhwFpdp0NpgdjkDatyAB3SIN8C29m2Cmm935oY45z45pm_gDH_nbMdmTsmRg,Mathway,6431727159568786626,FREE,undefined,0,true,Mathway is the world's #1 problem solver.,4.6,4.560307
Messenger Lite: Free Calls & Messages,com.facebook.mlite,https://play.google.com/store/apps/details?id=com.facebook.mlite,https://play-lh.googleusercontent.com/I6iR-zi371fJJsGnqwnY8uUmeYqv-_erzVbVBhyASixDReX2JUuIhgXjtV9OrA-_nQI,Facebook,Facebook,FREE,undefined,0,true,A faster version of Messenger that works in all network conditions,4.2,4.208671
"Microsoft Word: Write, Edit & Share Docs on the Go",com.microsoft.office.word,https://play.google.com/store/apps/details?id=com.microsoft.office.word,https://play-lh.googleusercontent.com/9kABykeGovHPy-dN19lRxxnCp8IZK3Pkl8qLFNxrEe-hhKVZeiyhTBEIRUt6t-vhxQ,Microsoft Corporation,6720847872553662727,FREE,undefined,0,true,"Powerful mobile writing app. Use Office to easily create, share &amp; edit documents",4.4,4.4144044
"Screen Recorder, Video Recorder, V Recorder Editor",screenrecorder.recorder.editor,https://play.google.com/store/apps/details?id=screenrecorder.recorder.editor,https://play-lh.googleusercontent.com/1SoSiyN3lZoagRQbOKHTNUlJl7NfDnIWMhNpnqUbpv9MOuqz-fRV3Ub5_5oXE8X2BUg,VideoShow EnjoyMobi Video Editor & Video Maker Inc,8114105855888506023,FREE,undefined,0,true,"Record game with sound, Free capture recorder, Edit screenshot with filter music",4.6,4.575835
"Screen Recorder, Video Recorder - Vidma Recorder",vidma.screenrecorder.videorecorder.videoeditor.pro,https://play.google.com/store/apps/details?id=vidma.screenrecorder.videorecorder.videoeditor.pro,https://play-lh.googleusercontent.com/YUhRAhondzMY7YX-5ARuMPxao-9-f4ZQCDqpy_pPPLFl9f3PfQx1AE69An40-HJa3XVO,Vidma Video Studio,Vidma+Video+Studio,FREE,undefined,0,true,FREE screen recorder!Video recording&amp;screen recording app to record screen video,4.6,4.621417
Palco MP3,com.studiosol.palcomp3,https://play.google.com/store/apps/details?id=com.studiosol.palcomp3,https://play-lh.googleusercontent.com/B3T21i3VCtKApbhpbLQoZXwerokJlndGMQJ8dDcslMk5qJQrYlvbAZSPcXtdyfVoWA,Studio Sol Comunica√ß√£o Digital,5223058821229460338,FREE,undefined,0,true,Independent music truly promoted,4.2,4.218193
Duolingo: Learn Languages Free,com.duolingo,https://play.google.com/store/apps/details?id=com.duolingo,https://play-lh.googleusercontent.com/hSyebBlYwtE2aMjzSIHasUO9cQv9HgNAw9owy6ADO0szOKYO3rDk60r7jcyXu82Fbq1M,Duolingo,6957685454452609502,FREE,undefined,0,true,"Learn Spanish, French, German, Italian, English and more languages for free.",4.6,4.6149755
inDriver ‚Äî Better than a taxi,sinet.startup.inDriver,https://play.google.com/store/apps/details?id=sinet.startup.inDriver,https://play-lh.googleusercontent.com/ioUK9nAVG1Z1NmwWjbz-tR2us23qXjmYiX4bP6dH-tRYr5i7XjeSGCfyZbY6pe3PARE,¬Æ SUOL INNOVATIONS LTD,%C2%AE+SUOL+INNOVATIONS+LTD,FREE,undefined,0,true,Offer your fare,4.7,4.677932
Caixa Trabalhador,br.gov.caixa.trabalhador,https://play.google.com/store/apps/details?id=br.gov.caixa.trabalhador,https://play-lh.googleusercontent.com/yX4uQl7ojG1n5MtUZb5Jt38ij5-Slid6AszlFMkU8Ffhe9-F0m4DuE2hji1LrNCQ2w,Caixa Econ√¥mica Federal,Caixa+Econ%C3%B4mica+Federal,FREE,undefined,0,true,"Information on unemployment insurance, PIS and fast and easy salary bonuses.",3.5,3.496956
"dfndr security: antivirus, anti-hacking & cleaner",com.psafe.msuite,https://play.google.com/store/apps/details?id=com.psafe.msuite,https://play-lh.googleusercontent.com/xO85hcnf9Ew-PpHCY1Zv2mhXH-N1L3ddcDXgLPEM3nzcQxKMehjN1kvF7Zu6BXmZkp_0,PSafe,6983664378165836486,FREE,undefined,0,true,"Get protection now from identity fraud, online scams, viruses and phone theft",4.5,4.5213394
ALIVE: Live Wallpaper 4K Maker & Backgrounds,com.atocha.wallpapers,https://play.google.com/store/apps/details?id=com.atocha.wallpapers,https://play-lh.googleusercontent.com/aulS8EnoC9XocViH-aiPZS14bB3B7m9C2eSK9-ZYoGw43i6J3CbHRn6vJr5E3BV7gJ4,Mobile Billing Activities S.L.,Mobile+Billing+Activities+S.L.,FREE,undefined,0,true,Make your own Live Wallpapers and Download The Best Live Wallpapers 4K!,2.3,2.3011205
Paramount+,com.cbs.ca,https://play.google.com/store/apps/details?id=com.cbs.ca,https://play-lh.googleusercontent.com/uGA0LQgKgpxcG8Dz8haVYKs1KZTUnPu5hGhcGmXyaVXFLS-yn1LLnECUG6lb4aZVMw,ViacomCBS Streaming,ViacomCBS+Streaming,FREE,undefined,0,true,Unique stories. Iconic stars. A mountain of entertainment. This is Paramount+.,3.4,3.3614814
Z√© Delivery de Bebidas - Gelada a Pre√ßo de Mercado,com.cerveceriamodelo.modelonow,https://play.google.com/store/apps/details?id=com.cerveceriamodelo.modelonow,https://play-lh.googleusercontent.com/O8-dux6c-se2IA_0upBDH52s7c9zfnweoWc2Pt4VM88eTeps4kPONFb2gAC_AyANcg,Z√© Delivery,Z%C3%A9+Delivery,FREE,undefined,0,true,Delivery de bebidas geladas com entrega r√°pida e pre√ßo baixo!,4.8,4.833994
Earn Cash Reward: Make Money Playing Games & Music,us.current.android,https://play.google.com/store/apps/details?id=us.current.android,https://play-lh.googleusercontent.com/3nXKbkRR-0Bt7U_0l5Oq10mUidj8jKF8osG9F_BgXSi10L2p9aT782huz7NBpuUwdg,Current Rewards: Earn Cash Gifts Free Music Player,Current+Rewards:+Earn+Cash+Gifts+Free+Music+Player,FREE,undefined,0,true,"Make Money &amp; Earn Cash. Get Paid To Play Free Music, Lockscreen Player Rewards",4.5,4.485639
Google Authenticator,com.google.android.apps.authenticator2,https://play.google.com/store/apps/details?id=com.google.android.apps.authenticator2,https://play-lh.googleusercontent.com/HPc5gptPzRw3wFhJE1ZCnTqlvEvuVFBAsV9etfouOhdRbkp-zNtYTzKUmUVPERSZ_lAL,Google LLC,5700313618786177705,FREE,undefined,0,true,Enable 2-step verification to protect your account from hijacking.,3.9,3.89354
McDonald's App - Latinoam√©rica,com.mcdo.mcdonalds,https://play.google.com/store/apps/details?id=com.mcdo.mcdonalds,https://play-lh.googleusercontent.com/TCx8i7svBvO0viSolQ8-M_ytXjomlBWQAj5aMcNkxD3T9_BCcUrJo3l3os_j5RX2w6LE,Arcos Dorados,Arcos+Dorados,FREE,undefined,0,true,"Enjoy esclusive discounts, promotions and coupons on McDonald's APP!",4.6,4.5962863
Futebol Da Hora 3.0,futebol.da.hora3,https://play.google.com/store/apps/details?id=futebol.da.hora3,https://play-lh.googleusercontent.com/deWwlCHqf7kswb0v-VugQ64dllIJsaTjbBgQq_0bw6c932_gZuqEIeJN2h93YJTHGQ,Futebol HD2,Futebol+HD2,FREE,undefined,0,true,Live Football Games,4.3,4.262784
Music Player,com.musicplayer.playermusic,https://play.google.com/store/apps/details?id=com.musicplayer.playermusic,https://play-lh.googleusercontent.com/foV9xPe-_Qcy9EIvaku084zMqA8M60D1KEE8ahHzWQbGD6xAvFac-n04LlexPdMb1GvZ,Music Player.,Music+Player.,FREE,undefined,0,true,Music Player with stunning design and powerful sound quality,4.8,4.83343
Fast Cleaner : Powerful Clean & CPU Cooler,com.fast.cleaner.cpu.cool.powerful,https://play.google.com/store/apps/details?id=com.fast.cleaner.cpu.cool.powerful,https://play-lh.googleusercontent.com/YHtaUjS6GgA4LeSZYeMI_riuo-obTBis-Lav5XYg0SogMAKgBc3PTEye1_1rfrKxFQ8,moon live studio,moon+live+studio,FREE,undefined,0,true,Fast CleanerÔºö A necessary app with small size and strong functions.,4.6,4.5636363
Amazon Music: Stream and Discover Songs & Podcasts,com.amazon.mp3,https://play.google.com/store/apps/details?id=com.amazon.mp3,https://play-lh.googleusercontent.com/c0uMGe9aLRQxGtAXB_9xnKnG83VOGRD7NtglvnzPj9SYS3_ZYA_EYhtP86nePn0vjI0,Amazon Mobile LLC,Amazon+Mobile+LLC,FREE,undefined,0,true,"Listen to podcasts, trending playlists, hit music and your favorite songs",4.4,4.355371
Ultra AppLock-Ultra AppLock protects your privacy.,com.ultra.applock,https://play.google.com/store/apps/details?id=com.ultra.applock,https://play-lh.googleusercontent.com/axsfZ0tgdJ8L10VrFthGlzYsP6Sn0M59llehPCehShwI3a_PWq5nAi-0_NU1CMXeOKVR,ABXZ Inc.,6036800292703655527,FREE,undefined,0,true,Easy-to-Use! Privacy Guard for Your Secret!,4.5,4.454773
"Conta Digital Bmg gr√°tis, simples e sem tarifa",br.com.bancobmg.bancodigital,https://play.google.com/store/apps/details?id=br.com.bancobmg.bancodigital,https://play-lh.googleusercontent.com/m05tptpM8otkML34wIKY33radzOnfhYOpi-mbzySTYl_CZVLEbjZZX-yl8GrlBfD-Q,BMG Banco Digital,BMG+Banco+Digital,FREE,undefined,0,true,"The Bmg bank digital account has a credit card with no annual fee, pix and more!",3.7,3.659663
Mega Phone Cleaner - Clean & Boost,com.megaphone.cleaner,https://play.google.com/store/apps/details?id=com.megaphone.cleaner,https://play-lh.googleusercontent.com/tEf6AN44ZbMPTp7GtAusrIk_FK1q42lRPuwrlFLPws7PfbWbPphIzijc-8wg6ctIvTg,TerraNova Apps,TerraNova+Apps,FREE,undefined,0,true,"Mega Phone Cleaner - Free and Powerful Android Cleaner, Booster and CPU Cooler!",3.8,3.7830677
"KineMaster - Video Editor, Video Maker",com.nexstreaming.app.kinemasterfree,https://play.google.com/store/apps/details?id=com.nexstreaming.app.kinemasterfree,https://play-lh.googleusercontent.com/as8XbbYo2kTtHC4SNQPw1GAsJIGSlpctPncaCBeo-p5zE0tJstqRV_kbBzHWv4R1_u3N,KineMaster Corporation,9138878327109540079,FREE,undefined,0,true,"Best free video editing app! Reverse, blend, cut, and add high quality music!",4.4,4.4145355
Lensa: Photo Editor for Perfect Pictures,com.lensa.app,https://play.google.com/store/apps/details?id=com.lensa.app,https://play-lh.googleusercontent.com/nIELLpuiHVhQyZWTWApLpcf7FkujKtMBq7ATgyIDNGkdO_3NuheZc1pc2mgPmYLTb9I,"Prisma Labs, Inc.",5868342254102788529,FREE,undefined,0,true,"Top photo editor app. Retouch photos, add filters for pictures and more",4.6,4.6050982
fitpro,cn.xiaofengkj.fitpro,https://play.google.com/store/apps/details?id=cn.xiaofengkj.fitpro,https://play-lh.googleusercontent.com/7UshWNexYf9AXl2MOJoiLZHhU9VvGRID6I_rPH7WoMKyv1tfNHpfPlVfrF_hZznbZg,"Shenzhen Jusheng Intelligent Technology Co., Ltd.",6850687027727076644,FREE,undefined,0,true,An app based on Bluetooth Bracelet,3.2,3.1859627
Google Home,com.google.android.apps.chromecast.app,https://play.google.com/store/apps/details?id=com.google.android.apps.chromecast.app,https://play-lh.googleusercontent.com/vr1isZKzTtlok9P81H6cR98iqpPhkuQHJp19Z5kPej3QlhNTnLohXpqcgMqrQpyegA,Google LLC,5700313618786177705,FREE,undefined,0,true,"Set up and control your compatible Nest, Chromecast, and Google Home devices.",4.0,4.02449
Photo Grid - Photo Editor & Video Collage Maker,com.gridplus.collagemaker,https://play.google.com/store/apps/details?id=com.gridplus.collagemaker,https://play-lh.googleusercontent.com/BZ5gVYU8d9zX2_GmWMZm7je2sxB2is_x6pz1rC4rnPdCaJeqrQQ4LDLpKYYpyhQnh-c,PhotoGrid Inc.,PhotoGrid+Inc.,FREE,undefined,0,true,"Free Photo &amp; Video grid APP for resize &amp; collage, with video and photo editor",4.8,4.7989035
"Waze - GPS, Mapas, Alertas, Tr√¢nsito em Tempo Real",com.waze,https://play.google.com/store/apps/details?id=com.waze,https://play-lh.googleusercontent.com/y65NFDLJNnOh3r55QoMx8F5m9VfG6AXwJRBXIUvecRwJ_10NgLgpmgI-WBBvmpSgxw,Waze,Waze,FREE,undefined,0,true,"Economize tempo! O Waze te informa sobre tr√¢nsito, pol√≠cia, acidentes e mais.",4.4,4.444285
"Hago - let's hang out! Game, Chat, Live",com.yy.hiyo,https://play.google.com/store/apps/details?id=com.yy.hiyo,https://play-lh.googleusercontent.com/z-1fFo5WMRgxSkHWX3JK2kk0LHnA_btGx4rzKfQmS3coBeUdzpjPJrO2AbBCW6-t4cM,Hago Games,Hago+Games,FREE,undefined,0,true,Open clubhouse for everyone!,4.3,4.2620173
Netcine - Filmes e S√©ries,com.netrhym.app,https://play.google.com/store/apps/details?id=com.netrhym.app,https://play-lh.googleusercontent.com/-rY_HiHMouMaVc61ts94jgAiSeGV9eSIwZ-aHfA8Uttfj4oARc7nbfKSOoDRyx1sXqg,Net Cine Inc,Net+Cine+Inc,FREE,undefined,0,true,The best of cinema you find here!,4.4,4.4478607
The Filmes - Filmes e S√©ries Gr√°tis,app.tv.thefilmes,https://play.google.com/store/apps/details?id=app.tv.thefilmes,https://play-lh.googleusercontent.com/KvgiQCrJG0OrRxVynUjfB5_0LtiXHud6wNKoPWo3xf31pCPHpO7_7WcsdN2MvolKFg,The Filmes Inc.,The+Filmes+Inc.,FREE,undefined,0,true,Watch Movies &amp; TV Shows Online 100% Free,4.5,4.4749336
GetNinjas: Encontre Profissionais ou Servi√ßos,br.com.getninjas.pro,https://play.google.com/store/apps/details?id=br.com.getninjas.pro,https://play-lh.googleusercontent.com/V6m6OU8VOC-GiUR7bMep-X4CGB8is4uSago91e_akxlpJvs7i9Xp9kbJWny95fak_Q,GetNinjas,GetNinjas,FREE,undefined,0,true,Get your financial independence or hire qualified professionals,3.3,3.3087387
Google Docs,com.google.android.apps.docs.editors.docs,https://play.google.com/store/apps/details?id=com.google.android.apps.docs.editors.docs,https://play-lh.googleusercontent.com/uFAlmfmhz9p4KSueKwT6FwwreGiDXSgNeo65oF4F5ynnJucMvAJfsb7A507gOABg4yY,Google LLC,5700313618786177705,FREE,undefined,0,true,Create and edit documents on the go.,4.3,4.2895703
AnimeTV!!,br.com.animetvtech,https://play.google.com/store/apps/details?id=br.com.animetvtech,https://play-lh.googleusercontent.com/zC2u5BoINIfp9TxiHkXJv1_0OE04l0B2Df7cU9JDXoHamzM4fJm8mWEEil2UzBAfaDw,AnimeTV v2,AnimeTV+v2,FREE,undefined,0,true,Follow your favorite anime !!!,4.3,4.2739654
ToonMe - Cartoon yourself photo editor,com.vicman.toonmeapp,https://play.google.com/store/apps/details?id=com.vicman.toonmeapp,https://play-lh.googleusercontent.com/dJLLB8qtbSdlk83udt6o1ltJJbaykz2Q1aKshAlr8zo82Bm1rqZWuTzst6xdRLPB2xc,Linerock Investments LTD,6017800222101031429,FREE,undefined,0,true,Toon up your photos with hundreds of styles and most sophisticated AI ever!,4.4,4.447862
"Video downloader for Instagram, Story saver",com.instagram.video.downloader.story.saver.photo.downloader.videodownload.photodownload,https://play.google.com/store/apps/details?id=com.instagram.video.downloader.story.saver.photo.downloader.videodownload.photodownload,https://play-lh.googleusercontent.com/z4oIliaabb-4Go1us8DSurf57WbnyBHHEAVE9h_npYYjY6fkPiX40-76a381w7oiGh4,Video Downloader & Story Saver & Photo Downloader,Video+Downloader+%26+Story+Saver+%26+Photo+Downloader,FREE,undefined,0,true,"Best Video downloader for Instagram and Story Saver - Fast, Easy, and 100% Free!",4.9,4.892905